nome,cpf,idade,endereco,bairro,estado,data
Nome Inválido,CPF Inválido,91.0,"trevo emanuel silva, 482",vila tirol,AP,1933-06-12
Nome Inválido,CPF Inválido,40.0,"recanto moraes, 7",ernesto nascimento,PB,1984-06-03
Nome Inválido,CPF Inválido,77.0,"residencial de pereira, 20",jatobá,AL,1947-12-04
Nome Inválido,CPF Inválido,,"parque almeida, 66",vila suzana segunda seção,SE,
Nome Inválido,CPF Inválido,,"rodovia de pereira, 51",estrela,BA,
Nome Inválido,CPF Inválido,70.0,esplanada lavínia ramos,são francisco,SP,1954-09-05
Nome Inválido,CPF Inválido,,"praça cavalcanti, 65",conjunto celso machado,RO,
Nome Inválido,CPF Inválido,31.0,"esplanada monteiro, 88",conjunto paulo vi,GO,1993-10-03
Nome Inválido,CPF Inválido,,"ladeira monteiro, 57",vila primeiro de maio,CE,
Nome Inválido,CPF Inválido,,"recanto luiz miguel jesus, 35",vila aeroporto jaraguá,PB,
Nome Inválido,CPF Inválido,,"ladeira de porto, 38",nova america,TO,
Nome Inválido,CPF Inválido,,"via de jesus, 57",vila da amizade,PB,
Nome Inválido,CPF Inválido,55.0,"lago castro, 94",mariano de abreu,RJ,1969-09-03
Nome Inválido,CPF Inválido,,"setor isadora da rosa, 583",chácara leonina,RR,
Nome Inválido,CPF Inválido,83.0,"viaduto pedro lucas cavalcanti, 49",tiradentes,RS,1941-10-03
Nome Inválido,CPF Inválido,37.0,"rua vitor hugo pinto, 21",anchieta,RJ,1987-03-02
Nome Inválido,CPF Inválido,,"rodovia aragão, 245",conjunto lagoa,MG,
Nome Inválido,CPF Inválido,,"alameda de lima, 65",boa esperança,PE,
Nome Inválido,CPF Inválido,,"trecho lucas sales, 24",dom bosco,RO,
Nome Inválido,CPF Inválido,,"passarela igor novaes, 89",pompéia,SE,
Nome Inválido,CPF Inválido,82.0,"sítio luna carvalho, 98",novo santa cecilia,AM,1942-05-07
Nome Inválido,CPF Inválido,,"esplanada de castro, 4",vila nova cachoeirinha 1ª seção,MT,
Nome Inválido,CPF Inválido,,"estrada de aragão, 1",vila barragem santa lúcia,AC,
Nome Inválido,CPF Inválido,45.0,via gabriela nascimento,madre gertrudes,AP,1979-04-07
Nome Inválido,CPF Inválido,79.0,"travessa vinicius da mata, 52",alta tensão 1ª seção,CE,1945-06-03
Nome Inválido,CPF Inválido,,largo vieira,milionario,DF,
Nome Inválido,CPF Inválido,,"área lucas gabriel silveira, 51",anchieta,PE,
Nome Inválido,CPF Inválido,,"jardim isabelly gomes, 23",nossa senhora de fátima,ES,
Nome Inválido,CPF Inválido,,distrito de silveira,dona clara,AM,
Nome Inválido,CPF Inválido,,travessa ana júlia da rocha,miramar,TO,
Nome Inválido,CPF Inválido,39.0,"avenida milena pires, 360",vila rica,AP,1985-07-09
Nome Inválido,CPF Inválido,56.0,"rodovia marcelo souza, 25",estrela,RN,1968-09-09
Nome Inválido,CPF Inválido,,"pátio alexandre teixeira, 243",indaiá,RR,
Nome Inválido,CPF Inválido,,"via clara da rosa, 928",castelo,RR,
Nome Inválido,CPF Inválido,59.0,"estação ribeiro, 46",venda nova,PB,1965-07-05
Nome Inválido,CPF Inválido,62.0,"sítio de cavalcanti, 97",juliana,PA,1963-01-11
Nome Inválido,CPF Inválido,,"condomínio de rodrigues, 52",conjunto providencia,SC,
Nome Inválido,CPF Inválido,,"rodovia vieira, 63",conjunto taquaril,RN,
Nome Inválido,CPF Inválido,32.0,"recanto de da conceição, 1",paraíso,AM,1992-05-11
Nome Inválido,CPF Inválido,,"setor de azevedo, 375",castanheira,AL,
Nome Inválido,CPF Inválido,55.0,"ladeira pietra cunha, 13",vista alegre,PA,1969-10-05
Nome Inválido,CPF Inválido,,"vereda davi lucca barbosa, 35",estrela do oriente,GO,
Nome Inválido,CPF Inválido,,"rodovia ana júlia araújo, 68",vila real 2ª seção,PE,
Nome Inválido,CPF Inválido,24.0,"distrito de barros, 41",suzana,RJ,2000-03-12
Nome Inválido,CPF Inválido,,"feira campos, 17",cruzeiro,DF,
Nome Inválido,CPF Inválido,,"avenida vitor hugo cardoso, 34",vila são rafael,SC,
Nome Inválido,CPF Inválido,46.0,"rodovia de souza, 63",vila nova dos milionarios,MS,1978-08-07
Nome Inválido,CPF Inválido,,"residencial ian da paz, 6",padre eustáquio,PR,
Nome Inválido,CPF Inválido,63.0,"ladeira de da paz, 98",jardim dos comerciarios,PE,1961-07-08
Nome Inválido,CPF Inválido,,"ladeira pereira, 21",buraco quente,BA,
Nome Inválido,CPF Inválido,,"área barros, 46",salgado filho,BA,
Nome Inválido,CPF Inválido,,"vereda luiz felipe costa, 70",minaslandia,DF,
Nome Inválido,CPF Inválido,,"vila sales, 97",paquetá,ES,
Nome Inválido,CPF Inválido,25.0,"favela alana ribeiro, 318",casa branca,MS,1999-11-12
Nome Inválido,CPF Inválido,,"parque freitas, 82",ouro minas,AC,
Nome Inválido,CPF Inválido,,"trecho bryan da cunha, 1",betânia,PA,
Nome Inválido,CPF Inválido,,esplanada moreira,pindura saia,ES,
Nome Inválido,CPF Inválido,,"campo de barros, 16",silveira,DF,
Nome Inválido,CPF Inválido,90.0,"distrito esther campos, 264",apolonia,PA,1934-04-12
Nome Inválido,CPF Inválido,,"largo pires, 78",bacurau,AP,
Nome Inválido,CPF Inválido,50.0,campo isabelly freitas,novo santa cecilia,CE,1974-10-09
Nome Inválido,CPF Inválido,,favela maria novaes,savassi,RR,
Nome Inválido,CPF Inválido,43.0,"trevo moraes, 5",cônego pinheiro 1ª seção,SP,1981-10-10
Nome Inválido,CPF Inválido,98.0,"rua mendes, 337",penha,SP,1926-12-06
Nome Inválido,CPF Inválido,,"lagoa cardoso, 1",ambrosina,SP,
Nome Inválido,CPF Inválido,,"lago maitê campos, 31",braúnas,TO,
Nome Inválido,CPF Inválido,,"residencial barbosa, 44",zilah sposito,AP,
Nome Inválido,CPF Inválido,,"recanto de rocha, 68",conjunto califórnia i,SE,
Nome Inválido,CPF Inválido,98.0,"vale gustavo henrique alves, 50",vila madre gertrudes 4ª seção,AL,1926-11-02
Nome Inválido,CPF Inválido,,vila farias,vila satélite,RN,
Nome Inválido,CPF Inválido,,"fazenda de porto, 3",senhor dos passos,MA,
Nome Inválido,CPF Inválido,74.0,"setor miguel pires, 3",ermelinda,PA,1950-04-08
Nome Inválido,CPF Inválido,,morro de castro,vila pilar,SP,
Nome Inválido,CPF Inválido,29.0,"praça ferreira, 764",vila sumaré,CE,1995-05-10
Nome Inválido,CPF Inválido,,"vereda cauê novaes, 14",conjunto califórnia ii,BA,
Nome Inválido,CPF Inválido,,"fazenda de pinto, 42",são jorge 1ª seção,PR,
Nome Inválido,CPF Inválido,,"loteamento luiz felipe teixeira, 87",novo ouro preto,AM,
Nome Inválido,CPF Inválido,,"quadra emanuella da conceição, 29",cruzeiro,MS,
Nome Inválido,CPF Inválido,,"rodovia danilo costa, 17",alta tensão 2ª seção,MS,
Nome Inválido,CPF Inválido,,vila stephany lima,vista do sol,PA,
Nome Inválido,CPF Inválido,72.0,"morro de cardoso, 47",marçola,SE,1952-03-01
Nome Inválido,CPF Inválido,,lagoa sarah azevedo,monsenhor messias,CE,
Nome Inválido,CPF Inválido,91.0,"loteamento oliveira, 29",camponesa 1ª seção,PE,1933-11-05
Nome Inválido,CPF Inválido,,"largo nascimento, 97",delta,PR,
Nome Inválido,CPF Inválido,,Endereço inválido,Desconhecido,Estado Inválido,
Nome Inválido,CPF Inválido,,"aeroporto de das neves, 7",vila sumaré,AL,
Nome Inválido,CPF Inválido,,"conjunto de cardoso, 5",vila minaslandia,PR,
Nome Inválido,CPF Inválido,80.0,viaduto cardoso,belmonte,RO,1944-06-11
Nome Inválido,CPF Inválido,,fazenda de barros,boa esperança,DF,
Nome Inválido,CPF Inválido,,colônia maria vitória moura,aarão reis,GO,
Nome Inválido,CPF Inválido,,avenida de cardoso,madre gertrudes,RN,
Nome Inválido,CPF Inválido,40.0,"lagoa leandro caldeira, 1",chácara leonina,MT,1984-02-07
Nome Inválido,CPF Inválido,,"esplanada de das neves, 5",andiroba,MG,
Nome Inválido,CPF Inválido,70.0,"praia eloah da mata, 95",cachoeirinha,AL,1954-04-02
Nome Inválido,CPF Inválido,,"recanto de santos, 155",jardim alvorada,PA,
Nome Inválido,CPF Inválido,,"praia carvalho, 7",vila nova,PA,
Nome Inválido,CPF Inválido,,"área de correia, 44",chácara leonina,AM,
Nome Inválido,CPF Inválido,71.0,"vale lorenzo almeida, 80",vila mantiqueira,PE,1953-05-02
Nome Inválido,CPF Inválido,,chácara isadora das neves,vila da amizade,PB,
Nome Inválido,CPF Inválido,,estação cunha,calafate,PR,
Nome Inválido,CPF Inválido,,"loteamento de lima, 1",vila primeiro de maio,MT,
Nome Inválido,CPF Inválido,,"alameda de gonçalves, 79",saudade,SP,
Nome Inválido,CPF Inválido,,"quadra bernardo ferreira, 85",marieta 1ª seção,PA,
Nome Inválido,CPF Inválido,,"rodovia alícia dias, 58",vila boa vista,RR,
Nome Inválido,CPF Inválido,37.0,"rua de cavalcanti, 8",vila da paz,AC,1987-09-04
Nome Inválido,CPF Inválido,,"esplanada de silva, 1",vila puc,GO,
Nome Inválido,CPF Inválido,26.0,"viaduto de freitas, 12",centro,RR,1998-04-10
Nome Inválido,CPF Inválido,66.0,"recanto valentina pinto, 52",satelite,PA,1958-03-06
Nome Inválido,CPF Inválido,59.0,"passarela de santos, 501",vila atila de paiva,ES,1965-03-06
Nome Inválido,CPF Inválido,,"morro lucca da rocha, 40",bandeirantes,CE,
Nome Inválido,CPF Inválido,,"praça de da paz, 5",conjunto jardim filadélfia,TO,
Nome Inválido,CPF Inválido,78.0,"fazenda joão felipe souza, 78",nova pampulha,SC,1947-01-12
Nome Inválido,CPF Inválido,,"rodovia cauê monteiro, 50",heliopolis,CE,
Nome Inválido,CPF Inválido,,"área de ferreira, 20",vila independencia 2ª seção,AC,
Nome Inválido,CPF Inválido,,"núcleo almeida, 41",vila são paulo,PB,
Nome Inválido,CPF Inválido,,"lagoa de vieira, 25",paquetá,AL,
Nome Inválido,CPF Inválido,,"trevo isaac araújo, 12",são bento,GO,
Nome Inválido,CPF Inválido,,"conjunto da luz, 6",chácara leonina,SC,
Nome Inválido,CPF Inválido,80.0,"ladeira de rodrigues, 58",vila são francisco,ES,1944-07-05
Nome Inválido,CPF Inválido,,"jardim de nascimento, 7",engenho nogueira,RS,
Nome Inválido,CPF Inválido,,"quadra de da cruz, 42",vila jardim montanhes,PE,
Nome Inválido,CPF Inválido,48.0,"conjunto de da cruz, 1",mariano de abreu,RJ,1976-09-05
Nome Inválido,CPF Inválido,,"colônia francisco campos, 7",vila betânia,SC,
Nome Inválido,CPF Inválido,72.0,largo de barbosa,vila nova gameleira 1ª seção,AL,1953-01-11
Nome Inválido,CPF Inválido,,aeroporto rezende,santo antônio,SP,
Nome Inválido,CPF Inválido,,"campo de pinto, 72",santana do cafezal,PI,
Nome Inválido,CPF Inválido,80.0,"setor de ferreira, 742",vila antena,RR,1944-10-10
Nome Inválido,CPF Inválido,,"ladeira de sales, 15",vila são francisco,DF,
Nome Inválido,CPF Inválido,97.0,ladeira de teixeira,são geraldo,PB,1927-11-07
Nome Inválido,CPF Inválido,28.0,"aeroporto duarte, 9",funcionários,ES,1996-11-02
Nome Inválido,CPF Inválido,,"trecho de martins, 51",vila santa monica 1ª seção,PR,
Nome Inválido,CPF Inválido,,"vila alexia viana, 87",jardim alvorada,PA,
Nome Inválido,CPF Inválido,53.0,"morro melo, 463",grajaú,RO,1971-08-03
Nome Inválido,CPF Inválido,,"residencial de aragão, 65",planalto,RN,
Nome Inválido,CPF Inválido,40.0,"vereda kamilly da rosa, 80",são geraldo,SC,1984-06-06
Nome Inválido,CPF Inválido,,"morro davi luiz correia, 38",vila são paulo,CE,
Nome Inválido,CPF Inválido,,"distrito ana laura aragão, 90",jardim do vale,MA,
Nome Inválido,CPF Inválido,,"favela gonçalves, 32",cônego pinheiro 1ª seção,PR,
Nome Inválido,CPF Inválido,,"viela da paz, 92",serra,MT,
Nome Inválido,CPF Inválido,20.0,"loteamento emanuelly sales, 135",leticia,SP,2004-11-09
Nome Inválido,CPF Inválido,46.0,"favela oliveira, 67",vila copacabana,PR,1978-03-02
Nome Inválido,CPF Inválido,77.0,"condomínio campos, 38",dom bosco,SP,1947-10-08
Nome Inválido,CPF Inválido,28.0,"estação milena silva, 549",bairro das indústrias ii,PE,1996-11-01
Nome Inválido,CPF Inválido,,"feira alice ramos, 3",são joão batista,PE,
Nome Inválido,CPF Inválido,,"passarela nogueira, 8",castelo,PI,
Nome Inválido,CPF Inválido,,"campo campos, 82",são pedro,MA,
Nome Inválido,CPF Inválido,20.0,"jardim beatriz farias, 11",acaba mundo,AL,2005-01-09
Nome Inválido,CPF Inválido,96.0,lagoa cavalcanti,savassi,PE,1928-05-01
Nome Inválido,CPF Inválido,,"rua sales, 4",universo,SE,
Nome Inválido,CPF Inválido,66.0,"viaduto thales costela, 23",mala e cuia,BA,1958-05-03
Nome Inválido,CPF Inválido,,"distrito maria moraes, 9",vila paris,PR,
Nome Inválido,CPF Inválido,,"esplanada de moura, 95",boa viagem,MA,
Nome Inválido,CPF Inválido,,"viaduto de peixoto, 16",inconfidência,CE,
Nome Inválido,CPF Inválido,,"condomínio leandro da mota, 20",jatobá,TO,
Nome Inválido,CPF Inválido,,trevo carvalho,vila paraíso,RN,
Nome Inválido,CPF Inválido,90.0,morro de duarte,pindorama,RS,1934-08-12
Nome Inválido,CPF Inválido,42.0,"praia ana carolina correia, 11",santa sofia,RO,1982-08-07
Nome Inválido,CPF Inválido,,"rodovia de fogaça, 96",lajedo,RS,
Nome Inválido,CPF Inválido,,"rua duarte, 85",vila real 1ª seção,AC,
Nome Inválido,CPF Inválido,69.0,"sítio mariana almeida, 86",carlos prates,PR,1955-08-10
Nome Inválido,CPF Inválido,48.0,"aeroporto da paz, 54",vila são dimas,PR,1976-04-08
Nome Inválido,CPF Inválido,,"praia nascimento, 541",senhor dos passos,PA,
Nome Inválido,CPF Inválido,,"distrito de cardoso, 24",flamengo,PI,
Nome Inválido,CPF Inválido,,"vale de vieira, 67",suzana,PA,
Nome Inválido,CPF Inválido,,"trecho brenda ferreira, 25",lagoinha,RJ,
Nome Inválido,CPF Inválido,76.0,"avenida de santos, 89",são pedro,MS,1948-12-03
Nome Inválido,CPF Inválido,,"loteamento oliveira, 12",vila da ária,AM,
Nome Inválido,CPF Inválido,21.0,"vila viana, 68",nova cintra,AM,2003-07-01
Nome Inválido,CPF Inválido,,"passarela jesus, 34",vila jardim montanhes,PB,
Nome Inválido,CPF Inválido,62.0,viaduto caldeira,vila nova paraíso,PE,1962-09-11
Nome Inválido,CPF Inválido,47.0,"sítio aragão, 73",aguas claras,RJ,1977-12-01
Nome Inválido,CPF Inválido,19.0,área gabriela nascimento,ermelinda,RR,2005-08-12
Nome Inválido,CPF Inválido,,"estrada agatha correia, 79",xodo-marize,TO,
Nome Inválido,CPF Inválido,,"pátio ribeiro, 33",vila oeste,MS,
Nome Inválido,CPF Inválido,61.0,"residencial rebeca da paz, 43",santa inês,SC,1963-11-01
Nome Inválido,CPF Inválido,,"aeroporto moura, 81",salgado filho,SP,
Nome Inválido,CPF Inválido,,"parque mariane araújo, 1",flamengo,RO,
Nome Inválido,CPF Inválido,,"estrada de carvalho, 309",funcionários,DF,
Nome Inválido,CPF Inválido,,"via da cunha, 11",sport club,TO,
Nome Inválido,CPF Inválido,,"rodovia agatha cavalcanti, 27",santo antônio,AP,
Nome Inválido,CPF Inválido,86.0,praça raul pires,maria virgínia,TO,1938-06-04
Nome Inválido,CPF Inválido,,vila farias,braúnas,SE,
Nome Inválido,CPF Inválido,,"núcleo maria luiza novaes, 100",xangri-lá,RJ,
Nome Inválido,CPF Inválido,,"esplanada de da cruz, 73",eymard,PE,
Nome Inválido,CPF Inválido,,"jardim ana carolina da mota, 6",vila petropolis,AP,
Nome Inválido,CPF Inválido,39.0,"vereda de costela, 27",vila de sá,MG,1985-05-10
Nome Inválido,CPF Inválido,42.0,"trevo manuela jesus, 927",ipe,SC,1982-04-09
Nome Inválido,CPF Inválido,,"chácara cardoso, 14",vila aeroporto,RN,
Nome Inválido,CPF Inválido,,"praça de oliveira, 35",conjunto santa maria,RN,
Nome Inválido,CPF Inválido,48.0,"residencial luigi duarte, 6",manacas,SC,1976-07-11
Nome Inválido,CPF Inválido,,"núcleo de ferreira, 77",lagoa,PR,
Nome Inválido,CPF Inválido,,"área de fernandes, 37",vila são dimas,MT,
Nome Inválido,CPF Inválido,,"loteamento porto, 4",vila santo antônio,SE,
Nome Inválido,CPF Inválido,,"área de ribeiro, 688",vila vista alegre,PR,
Nome Inválido,CPF Inválido,69.0,"pátio carlos eduardo azevedo, 76",havaí,RO,1955-11-09
Nome Inválido,CPF Inválido,84.0,"quadra almeida, 83",paquetá,CE,1940-09-01
Nome Inválido,CPF Inválido,50.0,"feira almeida, 72",vila são dimas,RJ,1974-09-01
Nome Inválido,CPF Inválido,,"viaduto de freitas, 46",novo glória,TO,
Nome Inválido,CPF Inválido,,"ladeira agatha almeida, 27",vila copacabana,RS,
Nome Inválido,CPF Inválido,,"residencial cavalcanti, 50",grota,MG,
Nome Inválido,CPF Inválido,,"colônia bryan costela, 404",suzana,SE,
Nome Inválido,CPF Inválido,45.0,"rodovia de moreira, 6",santo agostinho,AM,1979-03-02
Nome Inválido,CPF Inválido,,"esplanada oliveira, 654",serra,PR,
Nome Inválido,CPF Inválido,21.0,"rodovia thomas santos, 48",vila suzana segunda seção,AM,2003-03-03
Nome Inválido,CPF Inválido,,"vila milena porto, 70",marieta 1ª seção,RO,
Nome Inválido,CPF Inválido,,"lagoa rebeca novaes, 77",são jorge 1ª seção,SE,
Nome Inválido,CPF Inválido,,"núcleo sales, 59",novo das industrias,PE,
Nome Inválido,CPF Inválido,77.0,"feira sales, 82",coração eucarístico,AL,1947-08-07
Nome Inválido,CPF Inválido,,"colônia de azevedo, 22",centro,CE,
Nome Inválido,CPF Inválido,,alameda fernandes,são salvador,AM,
Nome Inválido,CPF Inválido,30.0,"estrada de castro, 671",trevo,PI,1994-09-10
Nome Inválido,CPF Inválido,,"trecho calebe ferreira, 902",funcionários,AL,
Nome Inválido,CPF Inválido,,"chácara joão gabriel correia, 983",vila batik,ES,
Nome Inválido,CPF Inválido,46.0,"lago maria cecília dias, 93",marçola,MG,1978-05-03
Nome Inválido,CPF Inválido,,via de santos,delta,DF,
Nome Inválido,CPF Inválido,,"viela mariana ferreira, 867",cidade jardim taquaril,AL,
Nome Inválido,CPF Inválido,34.0,"via caio carvalho, 11",inconfidência,AM,1990-08-09
Nome Inválido,CPF Inválido,,residencial joão guilherme campos,vila paraíso,PR,
Nome Inválido,CPF Inválido,,"vereda jesus, 420",monsenhor messias,DF,
Nome Inválido,CPF Inválido,82.0,"setor de da mata, 49",zilah sposito,PI,1942-08-09
Nome Inválido,CPF Inválido,,"rua lavínia da rosa, 9",pedreira padro lopes,TO,
Nome Inválido,CPF Inválido,93.0,"setor de santos, 49",itatiaia,SP,1932-01-09
Nome Inválido,CPF Inválido,,"parque thomas nogueira, 74",outro,AM,
Nome Inválido,CPF Inválido,,"viela de mendes, 45",jardim leblon,AM,
Nome Inválido,CPF Inválido,,"loteamento barbosa, 28",vila madre gertrudes 2ª seção,RO,
Nome Inválido,CPF Inválido,,"trevo barros, 87",chácara leonina,PR,
Nome Inválido,CPF Inválido,19.0,"lagoa isabella viana, 20",zilah sposito,PR,2005-09-09
Nome Inválido,CPF Inválido,,"fazenda rezende, 619",vila da paz,PI,
Nome Inválido,CPF Inválido,,praça souza,santa inês,SC,
Nome Inválido,CPF Inválido,,"praça almeida, 81",são bento,MT,
Nome Inválido,CPF Inválido,38.0,"vila martins, 7",casa branca,PA,1986-11-07
Nome Inválido,CPF Inválido,,"passarela de pires, 6",olhos d'água,MS,
Nome Inválido,CPF Inválido,,"aeroporto lavínia porto, 29",barreiro,RR,
Nome Inválido,CPF Inválido,,"parque de aragão, 76",cachoeirinha,ES,
Nome Inválido,CPF Inválido,43.0,"vale ramos, 60",vila santo antônio,RR,1981-06-08
Nome Inválido,CPF Inválido,,loteamento nascimento,engenho nogueira,PA,
Nome Inválido,CPF Inválido,,"esplanada joão guilherme barbosa, 39",barão homem de melo 2ª seção,AL,
Nome Inválido,CPF Inválido,,parque nascimento,vila minaslandia,AL,
Nome Inválido,CPF Inválido,76.0,"largo alves, 654",vera cruz,MS,1948-04-03
Nome Inválido,CPF Inválido,51.0,"trevo de azevedo, 36",vila barragem santa lúcia,PR,1973-05-01
Nome Inválido,CPF Inválido,27.0,"área de barros, 4",vila mangueiras,CE,1997-11-06
Nome Inválido,CPF Inválido,,"setor arthur barros, 58",vera cruz,MT,
Nome Inválido,CPF Inválido,,"largo gomes, 85",vila da paz,PB,
Nome Inválido,CPF Inválido,,"praia agatha cardoso, 1",lagoinha,PI,
Nome Inválido,CPF Inválido,78.0,"via novaes, 81",vila são paulo,MT,1946-10-07
Nome Inválido,CPF Inválido,89.0,"pátio castro, 51",vila trinta e um de março,ES,1935-11-10
Nome Inválido,CPF Inválido,54.0,"campo lima, 42",conjunto califórnia ii,PE,1970-05-09
Nome Inválido,CPF Inválido,,"esplanada rafael viana, 38",apolonia,MG,
Nome Inválido,CPF Inválido,20.0,"travessa beatriz fogaça, 47",fernão dias,RN,2004-06-03
Nome Inválido,CPF Inválido,86.0,"praça correia, 3",canadá,RJ,1938-06-09
Nome Inválido,CPF Inválido,60.0,"viela maria cecília viana, 44",vila copacabana,PA,1964-06-11
Nome Inválido,CPF Inválido,,"vila nina moura, 41",vila santo antônio,PA,
Nome Inválido,CPF Inválido,60.0,"núcleo carvalho, 87",piraja,PI,1964-07-04
Nome Inválido,CPF Inválido,,"rodovia de da luz, 710",saudade,RO,
Nome Inválido,CPF Inválido,,residencial beatriz lopes,ermelinda,RN,
Nome Inválido,CPF Inválido,,"aeroporto de ferreira, 9",senhor dos passos,AC,
Nome Inválido,CPF Inválido,,"chácara da luz, 27",bonfim,SP,
Nome Inválido,CPF Inválido,,núcleo cardoso,barreiro,TO,
Nome Inválido,CPF Inválido,,"residencial de ribeiro, 11",vila santa rosa,GO,
Nome Inválido,CPF Inválido,32.0,"aeroporto de campos, 63",são gabriel,PB,1992-03-02
Nome Inválido,CPF Inválido,,loteamento de rodrigues,santa cecilia,GO,
Nome Inválido,CPF Inválido,,"vale pinto, 70",esplanada,PI,
Nome Inválido,CPF Inválido,67.0,"vale costela, 5",parque são josé,SP,1958-01-10
Nome Inválido,CPF Inválido,,"jardim de barros, 111",caiçara - adelaide,TO,
Nome Inválido,CPF Inválido,76.0,"pátio da rocha, 793",vila rica,ES,1948-12-10
Nome Inválido,CPF Inválido,,"setor samuel porto, 99",bairro das indústrias ii,AM,
Nome Inválido,CPF Inválido,66.0,"via diego lima, 60",distrito industrial do jatoba,AP,1959-01-02
Nome Inválido,CPF Inválido,75.0,"área joão lucas lima, 997",são benedito,RO,1949-12-09
Nome Inválido,CPF Inválido,,"praia vitor gabriel cunha, 89",concórdia,SC,
Nome Inválido,CPF Inválido,58.0,viaduto juliana nogueira,trevo,BA,1966-05-11
Nome Inválido,CPF Inválido,,"passarela moura, 85",vila rica,DF,
Nome Inválido,CPF Inválido,,"condomínio de sales, 62",são bernardo,PB,
Nome Inválido,CPF Inválido,,"estação de ribeiro, 893",zilah sposito,SP,
Nome Inválido,CPF Inválido,82.0,Endereço inválido,Desconhecido,Estado Inválido,1942-02-12
Nome Inválido,CPF Inválido,,"estrada ana ramos, 10",novo tupi,GO,
Nome Inválido,CPF Inválido,61.0,"estação de azevedo, 639",vila antena montanhês,MS,1963-04-03
Nome Inválido,CPF Inválido,,"viaduto eduarda pinto, 76",pousada santo antonio,RS,
Nome Inválido,CPF Inválido,,morro lavínia almeida,esperança,AP,
Nome Inválido,CPF Inválido,,"travessa oliveira, 28",minas brasil,MA,
Nome Inválido,CPF Inválido,,"conjunto de souza, 842",petropolis,TO,
Nome Inválido,CPF Inválido,,"quadra de fogaça, 57",vila nova gameleira 3ª seção,PE,
Nome Inválido,CPF Inválido,71.0,"estrada de carvalho, 52",conjunto jardim filadélfia,GO,1954-01-09
Nome Inválido,CPF Inválido,30.0,"travessa melo, 5",biquinhas,ES,1994-07-08
Nome Inválido,CPF Inválido,,"largo de rodrigues, 19",campo alegre,DF,
Nome Inválido,CPF Inválido,,área nogueira,solimoes,PE,
Nome Inválido,CPF Inválido,,estação mendes,colégio batista,PR,
Nome Inválido,CPF Inválido,,"passarela de carvalho, 69",coração de jesus,SE,
Nome Inválido,CPF Inválido,,"morro de nascimento, 17",coqueiros,MG,
Nome Inválido,CPF Inválido,,"largo viana, 3",vila fumec,PE,
Nome Inválido,CPF Inválido,72.0,"loteamento de viana, 65",conjunto novo dom bosco,PI,1952-06-04
Nome Inválido,CPF Inválido,,"feira gustavo nascimento, 911",vila calafate,RS,
Nome Inválido,CPF Inválido,49.0,vereda cunha,jardim do vale,ES,1975-04-03
Nome Inválido,CPF Inválido,,"aeroporto augusto das neves, 847",maria helena,TO,
Nome Inválido,CPF Inválido,99.0,"feira fogaça, 914",vila dos anjos,PI,1925-09-04
Nome Inválido,CPF Inválido,,"estação moraes, 13",carmo,MG,
Nome Inválido,CPF Inválido,,"feira maria julia costela, 21",mariano de abreu,MG,
Nome Inválido,CPF Inválido,67.0,"loteamento de lima, 16",conjunto providencia,SE,1957-07-12
Nome Inválido,CPF Inválido,64.0,"rodovia pires, 57",vila de sá,SP,1960-06-02
Nome Inválido,CPF Inválido,,pátio carvalho,vila primeiro de maio,AP,
Nome Inválido,CPF Inválido,60.0,"parque melo, 462",vila cloris,GO,1964-09-02
Nome Inválido,CPF Inválido,,"alameda vitor gabriel lopes, 52",pedreira padro lopes,MS,
Nome Inválido,CPF Inválido,34.0,"campo de campos, 83",vila tirol,RN,1990-07-07
Nome Inválido,CPF Inválido,,"passarela oliveira, 48",santa monica,RO,
Nome Inválido,CPF Inválido,,"via letícia nunes, 280",monsenhor messias,AL,
Nome Inválido,CPF Inválido,,"travessa ribeiro, 92",pindorama,GO,
Nome Inválido,CPF Inválido,51.0,"conjunto eduardo da paz, 2",dom joaquim,AP,1973-09-12
Nome Inválido,CPF Inválido,38.0,"feira clara lima, 5",vila independencia 3ª seção,MA,1986-05-11
Nome Inválido,CPF Inválido,78.0,"núcleo de rocha, 9",sport club,SP,1946-09-02
Nome Inválido,CPF Inválido,,"vila de freitas, 80",santo antônio,AC,
Nome Inválido,CPF Inválido,47.0,"fazenda de lima, 95",vila das oliveiras,RJ,1977-11-12
Nome Inválido,CPF Inválido,,"ladeira caldeira, 5",vila paris,AC,
Nome Inválido,CPF Inválido,35.0,"travessa ana lívia da mata, 63",madri,ES,1989-02-02
Nome Inválido,CPF Inválido,88.0,"residencial costa, 9",cidade jardim taquaril,SE,1936-09-07
Nome Inválido,CPF Inválido,,"colônia monteiro, 49",europa,MT,
Nome Inválido,CPF Inválido,,"lagoa das neves, 36",marçola,BA,
Nome Inválido,CPF Inválido,52.0,"esplanada souza, 437",álvaro camargos,MG,1972-03-07
Nome Inválido,CPF Inválido,,"favela de carvalho, 28",confisco,RS,
Nome Inválido,CPF Inválido,,"praça caroline almeida, 19",conjunto bonsucesso,DF,
Nome Inválido,CPF Inválido,,"lagoa de fogaça, 92",pantanal,MG,
Nome Inválido,CPF Inválido,,"vale ana julia porto, 19",alto barroca,MG,
Nome Inválido,CPF Inválido,94.0,"residencial de cunha, 20",santana do cafezal,PB,1930-02-09
Nome Inválido,CPF Inválido,,"travessa lucca carvalho, 38",aeroporto,RO,
Nome Inválido,CPF Inválido,54.0,aeroporto ana clara oliveira,indaiá,AM,1970-11-03
Nome Inválido,CPF Inválido,,"praia de da mata, 18",são jorge 3ª seção,RJ,
Nome Inválido,CPF Inválido,,"favela de azevedo, 62",lindéia,MA,
Nome Inválido,CPF Inválido,79.0,"loteamento ferreira, 493",lagoa,PI,1945-06-12
Nome Inválido,CPF Inválido,,"campo vinicius campos, 2",conjunto são francisco de assis,MG,
Nome Inválido,CPF Inválido,,"condomínio bruna mendes, 55",pongelupe,CE,
Nome Inválido,CPF Inválido,,"loteamento freitas, 30",primeiro de maio,SP,
Nome Inválido,CPF Inválido,22.0,"trecho de freitas, 8",vila piratininga venda nova,TO,2002-03-05
Nome Inválido,CPF Inválido,,"alameda de da rosa, 2",são salvador,PE,
Nome Inválido,CPF Inválido,99.0,"largo juliana barbosa, 182",concórdia,RN,1925-08-08
Nome Inválido,CPF Inválido,,viela de da paz,minaslandia,PE,
Nome Inválido,CPF Inválido,,"passarela joão lucas nogueira, 753",são pedro,PE,
Nome Inválido,CPF Inválido,81.0,"campo vinicius silva, 27",lagoinha,AC,1943-10-12
Nome Inválido,CPF Inválido,,"viaduto de castro, 65",jardim vitoria,RR,
Nome Inválido,CPF Inválido,,"estrada de rocha, 305",lourdes,PE,
Nome Inválido,CPF Inválido,,"pátio lopes, 1",varzea da palma,AM,
Nome Inválido,CPF Inválido,,"recanto gustavo pereira, 77",santo antônio,PE,
Nome Inválido,CPF Inválido,,"largo kevin barbosa, 2",vila da ária,MG,
Nome Inválido,CPF Inválido,,recanto azevedo,vila cloris,CE,
Nome Inválido,CPF Inválido,50.0,"trecho igor barros, 77",mariano de abreu,ES,1974-05-10
Nome Inválido,CPF Inválido,94.0,alameda de pinto,pousada santo antonio,RS,1930-08-03
Nome Inválido,CPF Inválido,64.0,"trevo rezende, 51",bela vitoria,MG,1960-10-10
Nome Inválido,CPF Inválido,,"estação de freitas, 32",corumbiara,RR,
Nome Inválido,CPF Inválido,30.0,distrito rocha,luxemburgo,CE,1994-12-10
Nome Inválido,CPF Inválido,28.0,"recanto silveira, 47",olhos d'água,ES,1996-02-12
Nome Inválido,CPF Inválido,71.0,"residencial de pires, 28",laranjeiras,RS,1953-03-11
Nome Inválido,CPF Inválido,38.0,"distrito de lopes, 397",alto dos pinheiros,MS,1986-05-02
Nome Inválido,CPF Inválido,88.0,"feira cardoso, 21",conjunto minas caixa,RN,1936-03-11
Nome Inválido,CPF Inválido,41.0,"conjunto daniel fernandes, 403",garças,GO,1983-07-05
Nome Inválido,CPF Inválido,,"parque maitê santos, 42",boa viagem,RS,
Nome Inválido,CPF Inválido,,"quadra de da mota, 62",alto caiçaras,MG,
Nome Inválido,CPF Inválido,,"viaduto jesus, 11",conjunto jatoba,DF,
Nome Inválido,CPF Inválido,,"alameda anthony fogaça, 11",mantiqueira,RS,
Nome Inválido,CPF Inválido,,"quadra de fogaça, 28",pantanal,PI,
Nome Inválido,CPF Inválido,,fazenda caldeira,satelite,AM,
Nome Inválido,CPF Inválido,,vila alves,jardim atlântico,DF,
Nome Inválido,CPF Inválido,,"feira enrico nogueira, 1",itaipu,PB,
Nome Inválido,CPF Inválido,93.0,"rua pedro miguel da luz, 95",nossa senhora do rosário,PA,1931-03-01
Nome Inválido,CPF Inválido,,vila de da mata,cônego pinheiro 2ª seção,CE,
Nome Inválido,CPF Inválido,,"sítio de cardoso, 88",acaiaca,RS,
Nome Inválido,CPF Inválido,,"jardim maria sophia ferreira, 95",vila nova paraíso,CE,
Nome Inválido,CPF Inválido,27.0,"praça de castro, 980",ernesto nascimento,SE,1998-01-04
Nome Inválido,CPF Inválido,,"praça olivia silveira, 49",novo das industrias,AC,
Nome Inválido,CPF Inválido,,"área de barros, 86",boa esperança,RN,
Nome Inválido,CPF Inválido,,"alameda gustavo henrique gonçalves, 50",beija flor,RJ,
Nome Inválido,CPF Inválido,,"jardim de lopes, 7",planalto,AM,
Nome Inválido,CPF Inválido,,"alameda de da mota, 94",vila paquetá,CE,
Nome Inválido,CPF Inválido,85.0,"lagoa milena ramos, 4",caiçara - adelaide,AM,1939-12-02
Nome Inválido,CPF Inválido,,"setor da cunha, 39",jardim montanhês,RJ,
Nome Inválido,CPF Inválido,,"área peixoto, 32",flavio de oliveira,SE,
Nome Inválido,CPF Inválido,,"vereda matheus azevedo, 2",serrano,AC,
Nome Inválido,CPF Inválido,84.0,"praia raul campos, 12",conjunto providencia,CE,1940-03-11
Nome Inválido,CPF Inválido,,"jardim enzo da paz, 47",vila ouro minas,PR,
Nome Inválido,CPF Inválido,43.0,"vale oliveira, 22",nova suíça,RS,1981-08-10
Nome Inválido,CPF Inválido,51.0,"conjunto maria vitória da cunha, 59",serra do curral,MG,1973-02-07
Nome Inválido,CPF Inválido,,"alameda maria fernanda castro, 87",maravilha,PI,
Nome Inválido,CPF Inválido,73.0,"praça de moraes, 588",nova america,PA,1951-12-10
Nome Inválido,CPF Inválido,,"jardim de ramos, 69",vila nova gameleira 3ª seção,PA,
Nome Inválido,CPF Inválido,46.0,"quadra mendes, 42",vila pinho,GO,1978-03-12
Nome Inválido,CPF Inválido,41.0,"campo marcela silveira, 66",álvaro camargos,AM,1983-07-05
Nome Inválido,CPF Inválido,87.0,"fazenda de moraes, 637",buraco quente,PR,1937-06-10
Nome Inválido,CPF Inválido,,"recanto alves, 105",saudade,RR,
Nome Inválido,CPF Inválido,,"lago jesus, 71",frei leopoldo,MA,
Nome Inválido,CPF Inválido,,esplanada cauã teixeira,jardim américa,SP,
Nome Inválido,CPF Inválido,,"praia heitor castro, 6",jardim leblon,MS,
Nome Inválido,CPF Inválido,,"viela benjamin campos, 1",pompéia,CE,
Nome Inválido,CPF Inválido,,"núcleo castro, 7",maria helena,BA,
Nome Inválido,CPF Inválido,55.0,"estrada lucas gabriel caldeira, 856",joão pinheiro,MG,1969-03-04
Nome Inválido,CPF Inválido,,"trecho freitas, 427",alto dos pinheiros,AP,
Nome Inválido,CPF Inválido,,via ribeiro,flavio de oliveira,PR,
Nome Inválido,CPF Inválido,,"lago silva, 75",vila oeste,AC,
Nome Inválido,CPF Inválido,,"travessa duarte, 59",brasil industrial,RO,
Nome Inválido,CPF Inválido,67.0,favela sarah porto,conjunto são francisco de assis,DF,1957-10-08
Nome Inválido,CPF Inválido,,"morro enzo gabriel teixeira, 84",mirtes,RS,
Nome Inválido,CPF Inválido,,"área da mota, 13",minas caixa,AP,
Nome Inválido,CPF Inválido,52.0,"viaduto de moreira, 1",vera cruz,DF,1972-08-09
Nome Inválido,CPF Inválido,21.0,"núcleo luiz gustavo costela, 99",juliana,SE,2003-09-01
Nome Inválido,CPF Inválido,52.0,via araújo,são cristóvão,SE,1972-04-08
Nome Inválido,CPF Inválido,,lago de cardoso,santa cecilia,MG,
Nome Inválido,CPF Inválido,,viaduto de cardoso,inconfidência,PA,
Nome Inválido,CPF Inválido,20.0,"quadra de da mata, 49",ouro minas,MT,2004-11-08
Nome Inválido,CPF Inválido,,"núcleo araújo, 155",lindéia,PA,
Nome Inválido,CPF Inválido,57.0,"estação silva, 18",serra,AM,1967-07-12
Nome Inválido,CPF Inválido,,"praia lavínia moraes, 29",conjunto jatoba,RJ,
Nome Inválido,CPF Inválido,,"fazenda rafaela costela, 37",havaí,CE,
Nome Inválido,CPF Inválido,,"fazenda ferreira, 849",lagoa,AP,
Nome Inválido,CPF Inválido,99.0,"residencial alana dias, 51",vitoria,TO,1925-03-10
Nome Inválido,CPF Inválido,23.0,"rua evelyn da cunha, 2",alta tensão 1ª seção,ES,2001-02-06
Nome Inválido,CPF Inválido,,"fazenda de duarte, 99",são sebastião,AC,
Nome Inválido,CPF Inválido,,"trevo de da costa, 7",esplanada,AC,
Nome Inválido,CPF Inválido,35.0,"vale erick moreira, 48",vila nova cachoeirinha 2ª seção,AP,1989-12-01
Nome Inválido,CPF Inválido,60.0,"parque de moraes, 36",gutierrez,TO,1964-05-05
Nome Inválido,CPF Inválido,82.0,"passarela lima, 87",jatobá,RJ,1943-01-10
Nome Inválido,CPF Inválido,,pátio vitor gabriel rocha,são joão batista,SC,
Nome Inválido,CPF Inválido,,"rodovia agatha lopes, 7",vila são gabriel,DF,
Nome Inválido,CPF Inválido,80.0,"aeroporto de ferreira, 2",santa helena,CE,1944-09-11
Nome Inválido,CPF Inválido,99.0,"trevo aragão, 535",salgado filho,GO,1925-09-01
Nome Inválido,CPF Inválido,59.0,"avenida ferreira, 7",antonio ribeiro de abreu 1ª seção,DF,1965-02-05
Nome Inválido,CPF Inválido,,viaduto marcelo ramos,universo,SP,
Nome Inválido,CPF Inválido,,"núcleo silva, 7",jaraguá,CE,
Nome Inválido,CPF Inválido,,"rodovia de freitas, 782",parque são josé,SC,
Nome Inválido,CPF Inválido,,"quadra silveira, 76",joão paulo ii,MG,
Nome Inválido,CPF Inválido,,"conjunto da rosa, 22",pindura saia,MS,
Nome Inválido,CPF Inválido,,parque rodrigues,vila da amizade,RO,
Nome Inválido,CPF Inválido,,"lagoa porto, 44",unidas,GO,
Nome Inválido,CPF Inválido,,"vila sales, 913",bela vitoria,SP,
Nome Inválido,CPF Inválido,,"setor peixoto, 47",palmeiras,SE,
Nome Inválido,CPF Inválido,79.0,"parque luiz gustavo da conceição, 34",santa margarida,RS,1945-05-12
Nome Inválido,CPF Inválido,,"lago de rocha, 482",belmonte,PE,
Nome Inválido,CPF Inválido,22.0,recanto maitê pereira,vila suzana primeira seção,DF,2002-07-12
Nome Inválido,CPF Inválido,59.0,"feira otávio pereira, 93",piraja,RR,1965-06-07
Nome Inválido,CPF Inválido,,"trecho joão gabriel pires, 64",nova pampulha,RS,
Nome Inválido,CPF Inválido,86.0,"praça de ribeiro, 9",santa inês,SP,1938-08-10
Nome Inválido,CPF Inválido,,passarela de caldeira,vila sesc,AP,
Nome Inválido,CPF Inválido,30.0,estrada danilo monteiro,conjunto califórnia ii,BA,1994-06-12
Nome Inválido,CPF Inválido,40.0,"rodovia sophia rodrigues, 88",vila independencia 2ª seção,RR,1984-09-11
Nome Inválido,CPF Inválido,,lagoa souza,copacabana,ES,
Nome Inválido,CPF Inválido,,"área ana sophia pereira, 32",minas caixa,TO,
Nome Inválido,CPF Inválido,28.0,"viaduto de sales, 92",buraco quente,AL,1996-06-11
Nome Inválido,CPF Inválido,89.0,"núcleo monteiro, 504",são bernardo,TO,1935-10-04
Nome Inválido,CPF Inválido,,núcleo ribeiro,vila nova cachoeirinha 1ª seção,PE,
Nome Inválido,CPF Inválido,,"praça ana júlia rezende, 38",vila coqueiral,PA,
Nome Inválido,CPF Inválido,,"avenida bruna rodrigues, 724",diamante,ES,
Nome Inválido,CPF Inválido,,"pátio rocha, 75",havaí,AC,
Nome Inválido,CPF Inválido,,"viaduto enzo gabriel moreira, 72",vila real 2ª seção,CE,
Nome Inválido,CPF Inválido,19.0,"residencial ribeiro, 60",flamengo,RO,2005-08-03
Nome Inválido,CPF Inválido,,"travessa cardoso, 95",alta tensão 1ª seção,MT,
Nome Inválido,CPF Inválido,,quadra lorenzo pires,vila olhos d'água,AC,
Nome Inválido,CPF Inválido,85.0,campo de souza,vila jardim são josé,RR,1939-04-06
Nome Inválido,CPF Inválido,86.0,"via de da paz, 5",dona clara,AL,1938-09-06
Nome Inválido,CPF Inválido,30.0,"trevo carvalho, 9",grajaú,BA,1994-10-03
Nome Inválido,CPF Inválido,,travessa novaes,boa vista,TO,
Nome Inválido,CPF Inválido,,"passarela de nascimento, 916",joão paulo ii,AL,
Nome Inválido,CPF Inválido,71.0,"avenida de almeida, 78",vila atila de paiva,AL,1953-10-04
Nome Inválido,CPF Inválido,23.0,avenida heloísa costa,cabana do pai tomás,AC,2001-02-12
Nome Inválido,CPF Inválido,,"núcleo farias, 97",lourdes,RR,
Nome Inválido,CPF Inválido,,"favela de lopes, 473",lagoinha leblon,PR,
Nome Inválido,CPF Inválido,26.0,"quadra mariana costela, 87",grajaú,BA,1998-04-06
Nome Inválido,CPF Inválido,,"rua cardoso, 76",olhos d'água,MA,
Nome Inválido,CPF Inválido,,"pátio paulo da rosa, 93",belvedere,TO,
Nome Inválido,CPF Inválido,69.0,feira cardoso,conjunto minas caixa,RN,1955-12-09
Nome Inválido,CPF Inválido,,"distrito giovanna rodrigues, 37",marieta 3ª seção,PR,
Nome Inválido,CPF Inválido,,estrada de ramos,garças,RO,
Nome Inválido,CPF Inválido,,"viela de moraes, 56",vila maria,MS,
Nome Inválido,CPF Inválido,,"área de novaes, 52",itapoa,ES,
Nome Inválido,CPF Inválido,,"viaduto freitas, 622",jardim atlântico,PE,
Nome Inválido,CPF Inválido,,"distrito thomas pires, 77",bairro das indústrias ii,MT,
Nome Inválido,CPF Inválido,94.0,estrada melo,vila independencia 3ª seção,AM,1931-01-03
Nome Inválido,CPF Inválido,,"loteamento dias, 21",camponesa 1ª seção,RN,
Nome Inválido,CPF Inválido,,"colônia vieira, 6",milionario,SE,
Nome Inválido,CPF Inválido,,"aeroporto vinicius rezende, 18",conjunto são francisco de assis,PR,
Nome Inválido,CPF Inválido,,"praça almeida, 95",vila novo são lucas,AP,
Nome Inválido,CPF Inválido,,"trecho kevin castro, 70",são geraldo,PR,
Nome Inválido,CPF Inválido,,"passarela kamilly moreira, 704",cardoso,SP,
Nome Inválido,CPF Inválido,,"vereda jesus, 7",esplanada,SP,
Nome Inválido,CPF Inválido,,"viaduto de martins, 24",vila antena,RO,
Nome Inválido,CPF Inválido,73.0,"largo cardoso, 23",vila nova gameleira 2ª seção,AL,1951-04-03
Nome Inválido,CPF Inválido,74.0,"vila heloísa barbosa, 666",conjunto são francisco de assis,RN,1950-08-11
Nome Inválido,CPF Inválido,,residencial de aragão,andiroba,SC,
Nome Inválido,CPF Inválido,,"loteamento lopes, 2",vila satélite,CE,
Nome Inválido,CPF Inválido,,"estrada rebeca caldeira, 440",marçola,GO,
Nome Inválido,CPF Inválido,,quadra farias,jardim guanabara,RO,
Nome Inválido,CPF Inválido,,lagoa de farias,alta tensão 2ª seção,AL,
Nome Inválido,CPF Inválido,,"largo de da costa, 400",vila jardim alvorada,CE,
Nome Inválido,CPF Inválido,,"loteamento almeida, 821",conjunto santa maria,TO,
Nome Inválido,CPF Inválido,,"avenida nicole da paz, 26",vila oeste,SP,
Nome Inválido,CPF Inválido,,"chácara clarice da costa, 135",cardoso,BA,
Nome Inválido,CPF Inválido,,"distrito nathan melo, 3",universitário,PA,
Nome Inválido,CPF Inválido,,"recanto nunes, 87",vila união,AP,
Nome Inválido,CPF Inválido,,"esplanada carvalho, 8",paulo vi,CE,
Nome Inválido,CPF Inválido,24.0,"lago lima, 6",providencia,SP,2000-09-11
Nome Inválido,CPF Inválido,,"vale costela, 49",jonas veiga,MT,
Nome Inválido,CPF Inválido,,"lagoa sales, 43",vila santa monica 2ª seção,AL,
Nome Inválido,CPF Inválido,,viaduto nogueira,grota,RO,
Nome Inválido,CPF Inválido,,"jardim fernanda moura, 767",cdi jatoba,AM,
Nome Inválido,CPF Inválido,19.0,"morro isaac freitas, 543",vila nova cachoeirinha 2ª seção,RR,2005-09-07
Nome Inválido,CPF Inválido,,"pátio de almeida, 4",mala e cuia,TO,
Nome Inválido,CPF Inválido,93.0,"setor de da rosa, 401",nova vista,SP,1931-04-03
Nome Inválido,CPF Inválido,,"chácara de martins, 14",nossa senhora do rosário,RN,
Nome Inválido,CPF Inválido,75.0,"ladeira de da mota, 16",vila jardim leblon,MT,1949-02-10
Nome Inválido,CPF Inválido,32.0,"sítio thomas rodrigues, 41",são damião,AL,1992-11-01
Nome Inválido,CPF Inválido,,"travessa de correia, 46",guarani,AC,
Nome Inválido,CPF Inválido,100.0,passarela alexandre da cunha,vila coqueiral,RR,1924-02-07
Nome Inválido,CPF Inválido,,"jardim de barros, 16",vila califórnia,CE,
Nome Inválido,CPF Inválido,62.0,"praça luiz henrique correia, 81",guaratã,PE,1962-07-04
Nome Inválido,CPF Inválido,81.0,"lagoa luiza gonçalves, 979",piratininga,SE,1943-03-09
Nome Inválido,CPF Inválido,64.0,"parque de barbosa, 57",anchieta,GO,1960-10-11
Nome Inválido,CPF Inválido,,"ladeira das neves, 9",nova floresta,PE,
Nome Inválido,CPF Inválido,,lago de cavalcanti,vila betânia,TO,
Nome Inválido,CPF Inválido,,"feira nogueira, 68",santo antônio,TO,
Nome Inválido,CPF Inválido,54.0,setor de dias,são benedito,RS,1971-01-11
Nome Inválido,CPF Inválido,96.0,"campo da mata, 42",morro dos macacos,MG,1928-11-08
Nome Inválido,CPF Inválido,,"parque dias, 687",paulo vi,PR,
Nome Inválido,CPF Inválido,,"colônia de viana, 6",pongelupe,SE,
Nome Inválido,CPF Inválido,,via da mata,bernadete,RO,
Nome Inválido,CPF Inválido,39.0,"praça de duarte, 194",guarani,MT,1986-01-05
Nome Inválido,CPF Inválido,,"campo de moura, 60",primeiro de maio,RN,
Nome Inválido,CPF Inválido,,"área duarte, 628",conjunto lagoa,RR,
Nome Inválido,CPF Inválido,,"sítio de moura, 13",paraíso,RS,
Nome Inválido,CPF Inválido,,"rua de fogaça, 71",ouro preto,AM,
Nome Inválido,CPF Inválido,87.0,"rua de martins, 9",união,AC,1937-05-07
Nome Inválido,CPF Inválido,,"esplanada ana laura oliveira, 667",ribeiro de abreu,DF,
Nome Inválido,CPF Inválido,,"esplanada almeida, 4",vila fumec,PR,
Nome Inválido,CPF Inválido,87.0,morro de cardoso,camponesa 2ª seção,GO,1937-04-11
Nome Inválido,CPF Inválido,78.0,residencial de duarte,vila união,PE,1946-07-10
Nome Inválido,CPF Inválido,66.0,"praça almeida, 71",capitão eduardo,RJ,1958-07-03
Nome Inválido,CPF Inválido,,"praia costa, 35",jardim leblon,GO,
Nome Inválido,CPF Inválido,37.0,"via luigi peixoto, 61",são gabriel,AP,1987-04-01
Nome Inválido,CPF Inválido,,"estrada diogo da mata, 91",vila nova cachoeirinha 3ª seção,PI,
Nome Inválido,CPF Inválido,98.0,"rua kaique freitas, 8",universo,RR,1926-11-08
Nome Inválido,CPF Inválido,,viela de almeida,união,RN,
Nome Inválido,CPF Inválido,94.0,lagoa joão pedro alves,das industrias i,PB,1930-12-02
Nome Inválido,CPF Inválido,,"trevo de cardoso, 40",vale do jatoba,RS,
Nome Inválido,CPF Inválido,44.0,"favela erick pereira, 672",vila copacabana,AM,1980-05-04
Nome Inválido,CPF Inválido,,"vale igor castro, 928",maravilha,BA,
Nome Inválido,CPF Inválido,,"vereda de costa, 27",madre gertrudes,RN,
Nome Inválido,CPF Inválido,83.0,"residencial nogueira, 954",vila oeste,PB,1941-07-04
Nome Inválido,CPF Inválido,,"fazenda maria ribeiro, 81",vila são paulo,SE,
Nome Inválido,CPF Inválido,91.0,"viela de aragão, 291",união,RJ,1933-08-06
Nome Inválido,CPF Inválido,,"estrada de da costa, 92",vila do pombal,PA,
Nome Inválido,CPF Inválido,29.0,"colônia de fogaça, 78",vila aeroporto jaraguá,AC,1996-01-02
Nome Inválido,CPF Inválido,81.0,"campo de moura, 904",alto caiçaras,PE,1943-11-04
Nome Inválido,CPF Inválido,48.0,"estação igor cunha, 21",pilar,PB,1976-02-02
Nome Inválido,CPF Inválido,66.0,"estrada da conceição, 23",indaiá,MS,1958-11-01
Nome Inválido,CPF Inválido,,"parque de santos, 88",são joão,PI,
Nome Inválido,CPF Inválido,,"morro de costela, 73",vila da luz,MG,
Nome Inválido,CPF Inválido,37.0,"chácara da conceição, 2",juliana,BA,1987-09-08
Nome Inválido,CPF Inválido,,"feira de martins, 79",vitoria da conquista,PA,
Nome Inválido,CPF Inválido,,"colônia duarte, 56",marmiteiros,PE,
Nome Inválido,CPF Inválido,39.0,"travessa joana gonçalves, 44",lajedo,AL,1985-12-01
Nome Inválido,CPF Inválido,,"sítio isis campos, 81",distrito industrial do jatoba,AC,
Nome Inválido,CPF Inválido,29.0,lagoa santos,petropolis,MT,1995-08-02
Nome Inválido,CPF Inválido,,"ladeira de moura, 84",nova suíça,RR,
Nome Inválido,CPF Inválido,,"rodovia sales, 21",vila canto do sabiá,PI,
Nome Inválido,CPF Inválido,,"parque de costela, 668",aguas claras,TO,
Nome Inválido,CPF Inválido,,"fazenda cavalcanti, 859",alto barroca,MT,
Nome Inválido,CPF Inválido,57.0,quadra de ferreira,cenaculo,PI,1967-12-07
Nome Inválido,CPF Inválido,,"via igor da mata, 81",laranjeiras,ES,
Nome Inválido,CPF Inválido,,"trevo joão pedro araújo, 7",sagrada família,DF,
Nome Inválido,CPF Inválido,62.0,"condomínio da cunha, 4",unidas,PA,1962-03-04
Nome Inválido,CPF Inválido,,"parque henrique teixeira, 32",grotinha,RR,
Nome Inválido,CPF Inválido,30.0,"vereda silveira, 8",bom jesus,RR,1994-09-05
Nome Inválido,CPF Inválido,,"avenida de araújo, 28",esplanada,RS,
Nome Inválido,CPF Inválido,,"fazenda letícia costela, 6",petropolis,AM,
Nome Inválido,CPF Inválido,39.0,"campo peixoto, 75",independência,SC,1985-09-11
Nome Inválido,CPF Inválido,,"parque eloah costa, 91",são geraldo,RS,
Nome Inválido,CPF Inválido,,"rua de santos, 955",ambrosina,RS,
Nome Inválido,CPF Inválido,,"estrada sales, 13",jardim felicidade,RN,
Nome Inválido,CPF Inválido,,chácara miguel fogaça,laranjeiras,PE,
Nome Inválido,CPF Inválido,,"avenida de araújo, 1",nossa senhora da aparecida,GO,
Nome Inválido,CPF Inválido,,"vale de monteiro, 267",marieta 2ª seção,ES,
Nome Inválido,CPF Inválido,84.0,"trecho luana barros, 338",santa maria,MG,1940-05-04
Nome Inválido,CPF Inválido,98.0,"parque enzo almeida, 62",piratininga,AC,1926-11-12
Nome Inválido,CPF Inválido,,condomínio joana lima,piratininga,MT,
Nome Inválido,CPF Inválido,,"esplanada matheus da costa, 90",paulo vi,RN,
Nome Inválido,CPF Inválido,82.0,"residencial novaes, 84",vila da amizade,PI,1943-01-12
Nome Inválido,CPF Inválido,65.0,"praia ian da mota, 383",nova cintra,RO,1959-09-01
Nome Inválido,CPF Inválido,59.0,rodovia emanuel da cruz,nova esperança,PE,1965-10-07
Nome Inválido,CPF Inválido,,"ladeira da cruz, 635",coqueiros,BA,
Nome Inválido,CPF Inválido,64.0,"trecho cavalcanti, 3",acaba mundo,PR,1960-10-02
Nome Inválido,CPF Inválido,,"estação rocha, 975",marieta 2ª seção,SC,
Nome Inválido,CPF Inválido,,"vale de cavalcanti, 98",vila havaí,ES,
Nome Inválido,CPF Inválido,,"lago caldeira, 363",barão homem de melo 1ª seção,AM,
Nome Inválido,CPF Inválido,,"vila gomes, 366",serra,PB,
Nome Inválido,CPF Inválido,,"rodovia ana beatriz cardoso, 97",etelvina carneiro,PR,
Nome Inválido,CPF Inválido,,"vereda sales, 83",ouro minas,AL,
Nome Inválido,CPF Inválido,,"ladeira clara da cruz, 37",aparecida 7ª seção,PB,
Nome Inválido,CPF Inválido,,"setor de costa, 1",nova america,ES,
Nome Inválido,CPF Inválido,,"avenida castro, 718",santo agostinho,PE,
Nome Inválido,CPF Inválido,40.0,"recanto isabel da conceição, 6",vila madre gertrudes 4ª seção,RS,1984-02-11
Nome Inválido,CPF Inválido,,"núcleo de rodrigues, 95",maria virgínia,AM,
Nome Inválido,CPF Inválido,,"setor de barros, 58",vila ouro minas,SP,
Nome Inválido,CPF Inválido,,"praia pietra caldeira, 60",túnel de ibirité,GO,
Nome Inválido,CPF Inválido,,"quadra yasmin caldeira, 4",salgado filho,PE,
Nome Inválido,CPF Inválido,23.0,praia de nogueira,califórnia,ES,2001-06-12
Nome Inválido,CPF Inválido,,"rua de castro, 65",vila jardim são josé,PA,
Nome Inválido,CPF Inválido,19.0,"pátio antônio da mota, 79",maria virgínia,PR,2005-03-03
Nome Inválido,CPF Inválido,77.0,setor de ferreira,lorena,RN,1947-09-10
Nome Inválido,CPF Inválido,,"vereda da rocha, 6",bandeirantes,MA,
Nome Inválido,CPF Inválido,81.0,"parque de azevedo, 8",lagoinha leblon,AL,1943-02-03
Nome Inválido,CPF Inválido,,"campo gabriela rodrigues, 9",piraja,AC,
Nome Inválido,CPF Inválido,69.0,"via nogueira, 82",andiroba,SE,1955-04-05
Nome Inválido,CPF Inválido,,Endereço inválido,Desconhecido,Estado Inválido,
Nome Inválido,CPF Inválido,,"trevo nicole da cruz, 7",conjunto providencia,RS,
Nome Inválido,CPF Inválido,,"campo erick fernandes, 464",são benedito,AC,
Nome Inválido,CPF Inválido,,quadra de martins,nazare,AM,
Nome Inválido,CPF Inválido,,"fazenda de ferreira, 76",conjunto paulo vi,MS,
Nome Inválido,CPF Inválido,86.0,"estrada gabrielly rocha, 634",ouro minas,PA,1938-02-12
Nome Inválido,CPF Inválido,,"estação cardoso, 175",barão homem de melo 1ª seção,SC,
Nome Inválido,CPF Inválido,,"estrada duarte, 37",marmiteiros,MS,
Nome Inválido,CPF Inválido,,"praia moreira, 20",são jorge 2ª seção,TO,
Nome Inválido,CPF Inválido,52.0,"largo de da cruz, 431",mangueiras,TO,1972-06-05
Nome Inválido,CPF Inválido,,"trevo de moraes, 78",bairro das indústrias ii,TO,
Nome Inválido,CPF Inválido,,"distrito kaique costa, 17",novo glória,RJ,
Nome Inválido,CPF Inválido,55.0,"avenida de barbosa, 65",trevo,DF,1969-10-04
Nome Inválido,CPF Inválido,,"condomínio da cunha, 964",conjunto califórnia i,ES,
Nome Inválido,CPF Inválido,,"praia de almeida, 38",vila nova gameleira 3ª seção,MG,
Nome Inválido,CPF Inválido,,"aeroporto santos, 94",ademar maldonado,PI,
Nome Inválido,CPF Inválido,73.0,"alameda de da mata, 18",barroca,MS,1951-05-04
Nome Inválido,CPF Inválido,,"aeroporto aragão, 8",guarani,DF,
Nome Inválido,CPF Inválido,,"vereda daniel gonçalves, 6",bacurau,PB,
Nome Inválido,CPF Inválido,61.0,"conjunto de cunha, 63",estrela,SP,1963-03-01
Nome Inválido,CPF Inválido,,"rodovia de cavalcanti, 47",capitão eduardo,AP,
Nome Inválido,CPF Inválido,97.0,"loteamento thiago fernandes, 51",graça,PB,1927-05-01
Nome Inválido,CPF Inválido,47.0,praça breno ribeiro,vista do sol,PB,1977-06-09
Nome Inválido,CPF Inválido,,"viela alice nogueira, 65",olaria,MA,
Nome Inválido,CPF Inválido,64.0,aeroporto cavalcanti,coqueiros,SE,1960-04-10
Nome Inválido,CPF Inválido,55.0,travessa de santos,garças,MT,1969-10-04
Nome Inválido,CPF Inválido,91.0,"passarela isis porto, 38",capitão eduardo,PA,1933-02-02
Nome Inválido,CPF Inválido,,"parque daniel pinto, 7",vista alegre,MT,
Nome Inválido,CPF Inválido,,"vila letícia da paz, 17",marajó,CE,
Nome Inválido,CPF Inválido,,colônia de moura,morro dos macacos,PR,
Nome Inválido,CPF Inválido,61.0,"alameda joão pedro castro, 14",vila fumec,AM,1963-07-05
Nome Inválido,CPF Inválido,,via de jesus,caetano furquim,MG,
Nome Inválido,CPF Inválido,,"feira marcos vinicius da cruz, 317",leonina,MA,
Nome Inválido,CPF Inválido,,"via de ferreira, 44",cidade jardim,MG,
Nome Inválido,CPF Inválido,88.0,"aeroporto de ribeiro, 65",mariquinhas,AM,1936-09-05
Nome Inválido,CPF Inválido,63.0,"loteamento otávio freitas, 74",camponesa 2ª seção,TO,1961-10-06
Nome Inválido,CPF Inválido,,área maria fernanda pinto,nova pampulha,MT,
Nome Inválido,CPF Inválido,,"alameda da mata, 64",vila boa vista,MG,
Nome Inválido,CPF Inválido,,"estrada de ribeiro, 73",buritis,MG,
Nome Inválido,CPF Inválido,96.0,"aeroporto de nascimento, 13",pongelupe,PR,1928-02-07
Nome Inválido,CPF Inválido,,"chácara de costa, 62",aparecida,PI,
Nome Inválido,CPF Inválido,22.0,"campo da costa, 719",olaria,GO,2002-06-04
Nome Inválido,CPF Inválido,,"quadra de monteiro, 43",novo das industrias,CE,
Nome Inválido,CPF Inválido,38.0,estrada pereira,vila batik,PE,1986-03-01
Nome Inválido,CPF Inválido,78.0,"lagoa de da rocha, 60",jardim atlântico,PI,1946-07-07
Nome Inválido,CPF Inválido,,"parque alícia cavalcanti, 234",vila piratininga,CE,
Nome Inválido,CPF Inválido,,"largo de duarte, 24",barro preto,BA,
Nome Inválido,CPF Inválido,26.0,"campo enrico lima, 20",trevo,TO,1998-02-04
Nome Inválido,CPF Inválido,99.0,"favela martins, 7",barão homem de melo 2ª seção,ES,1925-10-06
Nome Inválido,CPF Inválido,29.0,"ladeira barros, 84",xodo-marize,AP,1995-07-06
Nome Inválido,CPF Inválido,39.0,"jardim silveira, 35",dona clara,RR,1985-10-12
Nome Inválido,CPF Inválido,,"viaduto evelyn ribeiro, 56",dom silverio,MG,
Nome Inválido,CPF Inválido,,"campo de farias, 77",paulo vi,AM,
Nome Inválido,CPF Inválido,,"loteamento alice freitas, 3",santa lúcia,AL,
Nome Inválido,CPF Inválido,19.0,"trecho alícia monteiro, 61",são jorge 3ª seção,AL,2005-09-08
Nome Inválido,CPF Inválido,83.0,"alameda pinto, 59",cinquentenário,MT,1941-07-05
Nome Inválido,CPF Inválido,,"condomínio larissa teixeira, 216",olhos d'água,BA,
Nome Inválido,CPF Inválido,,"vale de da mata, 75",bela vitoria,TO,
Nome Inválido,CPF Inválido,72.0,trevo beatriz cardoso,prado,AP,1952-11-09
Nome Inválido,CPF Inválido,66.0,"feira souza, 65",santa helena,AL,1958-04-08
Nome Inválido,CPF Inválido,,"fazenda luiza campos, 62",horto,GO,
Nome Inválido,CPF Inválido,,"loteamento de gomes, 86",liberdade,RS,
Nome Inválido,CPF Inválido,,"condomínio marina costela, 29",morro dos macacos,RR,
Nome Inválido,CPF Inválido,,"feira letícia nascimento, 5",unidas,MA,
Nome Inválido,CPF Inválido,,"aeroporto de ribeiro, 57",coração de jesus,MT,
Nome Inválido,CPF Inválido,,"feira moura, 2",das industrias i,PB,
Nome Inválido,CPF Inválido,77.0,"favela peixoto, 76",mangueiras,PE,1947-04-10
Nome Inválido,CPF Inválido,20.0,"distrito rezende, 61",jardim américa,MT,2004-02-08
Nome Inválido,CPF Inválido,60.0,"favela caldeira, 98",maria helena,DF,1964-03-10
Nome Inválido,CPF Inválido,,"chácara campos, 423",vila são geraldo,MG,
Nome Inválido,CPF Inválido,,"parque alves, 70",flavio de oliveira,RN,
Nome Inválido,CPF Inválido,,sítio luiz gustavo cunha,nova vista,RJ,
Nome Inválido,CPF Inválido,,"viela yago oliveira, 70",serrano,RN,
Nome Inválido,CPF Inválido,,"alameda joão fernandes, 25",estrela do oriente,GO,
Nome Inválido,CPF Inválido,,"trevo de rezende, 83",coqueiros,AL,
Nome Inválido,CPF Inválido,,"área de gonçalves, 31",vila real 2ª seção,RR,
Nome Inválido,CPF Inválido,41.0,"aeroporto de gomes, 936",vila santo antônio,MT,1983-09-08
Nome Inválido,CPF Inválido,,"trevo correia, 72",olhos d'água,RN,
Nome Inválido,CPF Inválido,,"viaduto vitor gabriel ferreira, 32",minas brasil,GO,
Nome Inválido,CPF Inválido,40.0,"alameda teixeira, 9",vila são joão batista,AL,1984-09-05
Nome Inválido,CPF Inválido,90.0,"pátio de nunes, 3",vila nova dos milionarios,CE,1934-08-06
Nome Inválido,CPF Inválido,,campo de da paz,nova vista,PE,
Nome Inválido,CPF Inválido,,"trevo marcos vinicius jesus, 4",alpes,AL,
Nome Inválido,CPF Inválido,,"parque de teixeira, 132",vila de sá,AM,
Nome Inválido,CPF Inválido,33.0,"área lima, 7",vila são francisco,PI,1991-12-06
Nome Inválido,CPF Inválido,,"trecho pires, 10",nazare,MS,
Nome Inválido,CPF Inválido,,pátio de da rosa,glória,SE,
Nome Inválido,CPF Inválido,,avenida emilly pereira,distrito industrial do jatoba,AL,
Nome Inválido,CPF Inválido,30.0,quadra costa,bonsucesso,MA,1994-08-05
Nome Inválido,CPF Inválido,58.0,"vale rezende, 20",juliana,AL,1966-07-07
Nome Inválido,CPF Inválido,,"sítio nascimento, 64",são lucas,MG,
Nome Inválido,CPF Inválido,,"estrada eduardo porto, 85",boa vista,MA,
Nome Inválido,CPF Inválido,85.0,"estação da cruz, 13",primeiro de maio,PI,1939-05-02
Nome Inválido,CPF Inválido,24.0,"distrito clara viana, 41",lajedo,CE,2000-07-10
Nome Inválido,CPF Inválido,,"viela de das neves, 139",novo glória,DF,
Nome Inválido,CPF Inválido,72.0,"travessa de barros, 4",santa helena,PB,1952-12-03
Nome Inválido,CPF Inválido,92.0,"viela viana, 95",santa rita de cássia,CE,1932-05-03
Nome Inválido,CPF Inválido,,"feira vieira, 28",vila são dimas,SC,
Nome Inválido,CPF Inválido,,"rodovia cardoso, 377",santa cecilia,MT,
Nome Inválido,CPF Inválido,,"praia almeida, 6",beira linha,AM,
Nome Inválido,CPF Inválido,36.0,"aeroporto de da rocha, 27",união,MS,1988-03-06
Nome Inválido,CPF Inválido,,"rodovia laís nunes, 50",vila madre gertrudes 2ª seção,RR,
Nome Inválido,CPF Inválido,,"rodovia de souza, 416",conjunto são francisco de assis,PI,
Nome Inválido,CPF Inválido,,"praia costa, 3",vila santo antônio barroquinha,AC,
Nome Inválido,CPF Inválido,74.0,via porto,conjunto capitão eduardo,PR,1950-09-03
Nome Inválido,CPF Inválido,64.0,"campo cauã freitas, 66",xangri-lá,PB,1961-01-08
Nome Inválido,CPF Inválido,,"condomínio cunha, 74",camponesa 2ª seção,PA,
Nome Inválido,CPF Inválido,70.0,núcleo pietro barros,vila piratininga,PE,1954-08-08
Nome Inválido,CPF Inválido,,"aeroporto melo, 31",conjunto celso machado,AC,
Nome Inválido,CPF Inválido,,"condomínio de lima, 66",mirtes,GO,
Nome Inválido,CPF Inválido,,"pátio davi lucca viana, 6",gameleira,PA,
Nome Inválido,CPF Inválido,,"feira gonçalves, 4",vila paquetá,AP,
Nome Inválido,CPF Inválido,,núcleo viana,conjunto jatoba,RN,
Nome Inválido,CPF Inválido,26.0,"feira de oliveira, 1",mariquinhas,RN,1998-10-02
Nome Inválido,CPF Inválido,55.0,"campo araújo, 10",tiradentes,GO,1969-02-04
Nome Inválido,CPF Inválido,,lagoa ana sophia oliveira,pedreira padro lopes,RN,
Nome Inválido,CPF Inválido,,"jardim sales, 42",conjunto minas caixa,RO,
Nome Inválido,CPF Inválido,,"morro aragão, 796",estrela,MT,
Nome Inválido,CPF Inválido,74.0,"aeroporto pietro oliveira, 4",parque são josé,RR,1950-09-04
Nome Inválido,CPF Inválido,85.0,"rodovia pedro henrique santos, 46",lagoa,AL,1939-06-06
Nome Inválido,CPF Inválido,,"praia ferreira, 17",heliopolis,RJ,
Nome Inválido,CPF Inválido,,"vila de farias, 46",minas caixa,AL,
Nome Inválido,CPF Inválido,77.0,"campo yasmin moreira, 49",funcionários,AP,1947-10-08
Nome Inválido,CPF Inválido,81.0,"avenida lavínia castro, 46",marieta 2ª seção,SP,1943-08-03
Nome Inválido,CPF Inválido,,condomínio levi almeida,vila nova cachoeirinha 3ª seção,AM,
Nome Inválido,CPF Inválido,,"viela isis gomes, 43",petropolis,AP,
Nome Inválido,CPF Inválido,,"jardim luiz felipe duarte, 1",bela vitoria,RR,
Nome Inválido,CPF Inválido,,"jardim almeida, 48",belvedere,MS,
Nome Inválido,CPF Inválido,,"pátio de ribeiro, 16",pindura saia,RJ,
Nome Inválido,CPF Inválido,,"ladeira mariane santos, 7",distrito industrial do jatoba,SE,
Nome Inválido,CPF Inválido,83.0,"vila silveira, 86",gameleira,PB,1941-04-11
Nome Inválido,CPF Inválido,61.0,"ladeira duarte, 35",urca,MT,1963-08-05
Nome Inválido,CPF Inválido,,"viaduto de novaes, 952",dom cabral,SP,
Nome Inválido,CPF Inválido,,"aeroporto isaac da conceição, 1",vila jardim montanhes,MT,
Nome Inválido,CPF Inválido,,"fazenda de porto, 4",santa lúcia,PR,
Nome Inválido,CPF Inválido,,"distrito de moraes, 56",alto vera cruz,AP,
Nome Inválido,CPF Inválido,,"jardim novaes, 13",sion,RO,
Nome Inválido,CPF Inválido,,"ladeira de da conceição, 76",venda nova,TO,
Nome Inválido,CPF Inválido,,"passarela de porto, 65",pousada santo antonio,PI,
Nome Inválido,CPF Inválido,,"travessa de farias, 9",esplanada,RS,
Nome Inválido,CPF Inválido,,"parque da luz, 3",grajaú,RR,
Nome Inválido,CPF Inválido,,"parque de silveira, 6",são jorge 3ª seção,MS,
Nome Inválido,CPF Inválido,,"campo santos, 714",alto barroca,RJ,
Nome Inválido,CPF Inválido,,"área de moreira, 82",das industrias i,DF,
Nome Inválido,CPF Inválido,31.0,viela kamilly cunha,vista do sol,SP,1993-08-07
Nome Inválido,CPF Inválido,42.0,"campo de da cruz, 22",conjunto são francisco de assis,SC,1982-04-09
Nome Inválido,CPF Inválido,,rodovia cunha,das industrias i,MA,
Nome Inválido,CPF Inválido,,"passarela joão pedro nunes, 6",vila oeste,DF,
Nome Inválido,CPF Inválido,75.0,"estação alves, 8",vila petropolis,PE,1950-01-10
Nome Inválido,CPF Inválido,56.0,"viela da costa, 16",canadá,MA,1968-05-07
Nome Inválido,CPF Inválido,90.0,"vale nogueira, 8",bela vitoria,CE,1934-12-11
Nome Inválido,CPF Inválido,45.0,"parque helena pires, 852",vila jardim são josé,AL,1979-06-09
Nome Inválido,CPF Inválido,,"vereda da mota, 37",vila da luz,SE,
Nome Inválido,CPF Inválido,,"praia bryan martins, 8",santa amelia,SE,
Nome Inválido,CPF Inválido,,"largo maysa cavalcanti, 6",vila satélite,AP,
Nome Inválido,CPF Inválido,,"alameda de campos, 32",vila são rafael,AL,
Nome Inválido,CPF Inválido,89.0,"jardim de lima, 1",das industrias i,MT,1935-10-07
Nome Inválido,CPF Inválido,,aeroporto noah jesus,diamante,BA,
Nome Inválido,CPF Inválido,97.0,"feira jesus, 20",aparecida 7ª seção,DF,1927-02-01
Nome Inválido,CPF Inválido,,"campo emanuelly gonçalves, 51",novo glória,BA,
Nome Inválido,CPF Inválido,,"alameda de carvalho, 150",saudade,RR,
Nome Inválido,CPF Inválido,,"trevo nina pereira, 99",álvaro camargos,CE,
Nome Inválido,CPF Inválido,,"morro eduarda farias, 92",aarão reis,AC,
Nome Inválido,CPF Inválido,58.0,"vale davi luiz dias, 709",vila oeste,CE,1966-08-10
Nome Inválido,CPF Inválido,99.0,"favela elisa barbosa, 521",jardim vitoria,SC,1925-08-09
Nome Inválido,CPF Inválido,74.0,"aeroporto laura gonçalves, 7",vila vista alegre,MG,1950-04-11
Nome Inválido,CPF Inválido,,"setor de da luz, 81",são cristóvão,GO,
Nome Inválido,CPF Inválido,,"trevo de moreira, 63",araguaia,PI,
Nome Inválido,CPF Inválido,,"ladeira peixoto, 85",são marcos,MA,
Nome Inválido,CPF Inválido,35.0,colônia maitê cardoso,copacabana,DF,1989-09-09
Nome Inválido,CPF Inválido,,"praia de campos, 94",candelaria,PR,
Nome Inválido,CPF Inválido,97.0,"área moreira, 8",grajaú,PA,1927-06-08
Nome Inválido,CPF Inválido,,jardim de dias,mirtes,CE,
Nome Inválido,CPF Inválido,,"viela de gonçalves, 79",vila havaí,SC,
Nome Inválido,CPF Inválido,,"campo de nascimento, 5",serra do curral,SP,
Nome Inválido,CPF Inválido,,"viaduto farias, 15",sagrada família,PR,
Nome Inválido,CPF Inválido,,"jardim cavalcanti, 94",petropolis,BA,
Nome Inválido,CPF Inválido,,"lago de lopes, 6",floramar,GO,
Nome Inválido,CPF Inválido,33.0,"aeroporto de fogaça, 29",santa sofia,TO,1991-02-01
Nome Inválido,CPF Inválido,36.0,"travessa de da luz, 42",vila nova paraíso,MS,1988-03-05
Nome Inválido,CPF Inválido,,"estação de da costa, 211",pilar,PA,
Nome Inválido,CPF Inválido,,"recanto rodrigues, 80",minas caixa,PI,
Nome Inválido,CPF Inválido,,"praia daniel barbosa, 847",silveira,BA,
Nome Inválido,CPF Inválido,78.0,estação miguel rodrigues,coração de jesus,AL,1946-08-05
Nome Inválido,CPF Inválido,,"trevo sofia moreira, 67",alta tensão 1ª seção,CE,
Nome Inválido,CPF Inválido,,"quadra de alves, 729",camponesa 2ª seção,PA,
Nome Inválido,CPF Inválido,,"aeroporto jesus, 2",são francisco,ES,
Nome Inválido,CPF Inválido,,"alameda araújo, 53",piratininga,MS,
Nome Inválido,CPF Inválido,77.0,"viela de sales, 68",nova esperança,TO,1947-07-10
Nome Inválido,CPF Inválido,,"morro ryan da luz, 43",vila nova gameleira 2ª seção,PB,
Nome Inválido,CPF Inválido,,área ferreira,jardim montanhês,AP,
Nome Inválido,CPF Inválido,,"conjunto farias, 36",silveira,SE,
Nome Inválido,CPF Inválido,44.0,praia marina da rosa,são jorge 3ª seção,AC,1980-04-07
Nome Inválido,CPF Inválido,,"via de viana, 68",beija flor,SC,
Nome Inválido,CPF Inválido,,"viela campos, 2",anchieta,MG,
Nome Inválido,CPF Inválido,,"vereda de aragão, 15",horto,RR,
Nome Inválido,CPF Inválido,29.0,"vereda de souza, 13",europa,PR,1995-03-07
Nome Inválido,CPF Inválido,,"colônia da costa, 7",ouro minas,SE,
Nome Inválido,CPF Inválido,,"vale de caldeira, 8",ribeiro de abreu,AL,
Nome Inválido,CPF Inválido,99.0,"praia de silva, 91",joão pinheiro,ES,1925-09-01
Nome Inválido,CPF Inválido,97.0,avenida da luz,vila inestan,AL,1927-03-11
Nome Inválido,CPF Inválido,89.0,"estrada de da rosa, 69",jonas veiga,AP,1936-01-06
Nome Inválido,CPF Inválido,,"morro da rocha, 84",tirol,MT,
Nome Inválido,CPF Inválido,,"estrada sabrina freitas, 40",acaba mundo,DF,
Nome Inválido,CPF Inválido,73.0,"recanto miguel moraes, 45",penha,RS,1952-01-11
Nome Inválido,CPF Inválido,,"feira de farias, 28",horto,RS,
Nome Inválido,CPF Inválido,,"sítio moura, 50",ápia,GO,
Nome Inválido,CPF Inválido,,"trevo davi lucca da cruz, 72",boa união 1ª seção,PI,
Nome Inválido,CPF Inválido,60.0,"chácara da mota, 218",conjunto floramar,RJ,1964-06-02
Nome Inválido,CPF Inválido,73.0,"feira martins, 78",estrela do oriente,RN,1951-08-11
Nome Inválido,CPF Inválido,,"setor luiz henrique monteiro, 4",madri,MG,
Nome Inválido,CPF Inválido,35.0,"chácara de da mota, 4",pompéia,PA,1989-12-12
Nome Inválido,CPF Inválido,61.0,Endereço inválido,Desconhecido,Estado Inválido,1963-06-10
Nome Inválido,CPF Inválido,,residencial noah mendes,vila atila de paiva,SC,
Nome Inválido,CPF Inválido,,"fazenda moraes, 80",vila vista alegre,ES,
Nome Inválido,CPF Inválido,,"travessa leandro da mata, 898",vila sesc,RO,
Nome Inválido,CPF Inválido,49.0,"área raquel moura, 8",mangabeiras,TO,1975-08-04
Nome Inválido,CPF Inválido,55.0,condomínio de santos,jaraguá,MG,1970-01-01
Nome Inválido,CPF Inválido,,"estação lara almeida, 67",sagrada família,PE,
Nome Inválido,CPF Inválido,91.0,residencial de mendes,jardim guanabara,RR,1933-10-10
Nome Inválido,CPF Inválido,40.0,"aeroporto emanuel barros, 4",tres marias,DF,1984-11-12
Nome Inválido,CPF Inválido,,"trecho gomes, 3",barreiro,GO,
Nome Inválido,CPF Inválido,,"estrada letícia barros, 923",serra verde,CE,
Nome Inválido,CPF Inválido,,"alameda paulo da cruz, 70",vila madre gertrudes 3ª seção,PR,
Nome Inválido,CPF Inválido,32.0,"residencial pinto, 95",etelvina carneiro,DF,1992-06-02
Nome Inválido,CPF Inválido,,"lagoa de silveira, 91",trevo,PI,
Nome Inválido,CPF Inválido,52.0,"condomínio moura, 504",santa helena,SE,1972-03-04
Nome Inválido,CPF Inválido,,distrito de cavalcanti,vila barragem santa lúcia,RJ,
Nome Inválido,CPF Inválido,,"favela letícia jesus, 34",novo ouro preto,MG,
Nome Inválido,CPF Inválido,,"feira de da conceição, 796",mangabeiras,SE,
Nome Inválido,CPF Inválido,,morro de ramos,conjunto taquaril,AM,
Nome Inválido,CPF Inválido,21.0,"quadra lopes, 69",vila da paz,CE,2003-10-10
Nome Inválido,CPF Inválido,,"jardim de carvalho, 5",santo andré,AL,
Nome Inválido,CPF Inválido,19.0,"vereda araújo, 18",garças,PI,2005-02-09
Nome Inválido,CPF Inválido,98.0,"pátio fernandes, 59",vila ouro minas,AM,1926-06-10
Nome Inválido,CPF Inválido,,"jardim vinicius caldeira, 28",jonas veiga,DF,
Nome Inválido,CPF Inválido,,"passarela de araújo, 123",andiroba,AM,
Nome Inválido,CPF Inválido,,"rodovia eduarda ramos, 87",engenho nogueira,PB,
Nome Inválido,CPF Inválido,,"viela ana júlia fernandes, 25",pirineus,AC,
Nome Inválido,CPF Inválido,,"vereda cauê barbosa, 141",conjunto providencia,MA,
Nome Inválido,CPF Inválido,,"campo rodrigues, 351",brasil industrial,MS,
Nome Inválido,CPF Inválido,,"residencial de sales, 5",vila cloris,SE,
Nome Inválido,CPF Inválido,,"área de castro, 108",nova vista,PI,
Nome Inválido,CPF Inválido,,"estrada fernanda jesus, 2",santa margarida,AC,
Nome Inválido,CPF Inválido,57.0,"lagoa pietro da cruz, 524",vila santa monica 2ª seção,RO,1967-02-01
Nome Inválido,CPF Inválido,,"rodovia de porto, 90",marieta 2ª seção,GO,
Nome Inválido,CPF Inválido,,"parque de gomes, 71",mala e cuia,PA,
Nome Inválido,CPF Inválido,95.0,"esplanada de moura, 30",vila petropolis,PA,1929-07-10
Nome Inválido,CPF Inválido,68.0,distrito moraes,indaiá,MS,1956-02-12
Nome Inválido,CPF Inválido,76.0,"lago da luz, 59",suzana,AM,1948-10-11
Nome Inválido,CPF Inválido,,"favela beatriz da costa, 77",antonio ribeiro de abreu 1ª seção,RJ,
Nome Inválido,CPF Inválido,68.0,"passarela davi lucca lopes, 37",ernesto nascimento,MG,1956-05-05
Nome Inválido,CPF Inválido,37.0,"vereda de da mota, 564",jaqueline,MA,1987-09-06
Nome Inválido,CPF Inválido,,"favela costa, 372",serra,GO,
Nome Inválido,CPF Inválido,31.0,"distrito jesus, 34",vila rica,RS,1993-08-12
Nome Inválido,CPF Inválido,,"viela de castro, 27",álvaro camargos,DF,
Nome Inválido,CPF Inválido,,"campo moreira, 48",tirol,RN,
Nome Inválido,CPF Inválido,,"favela de da rocha, 6",carlos prates,MS,
Nome Inválido,CPF Inválido,27.0,condomínio maria julia cavalcanti,vila são dimas,PA,1997-11-08
Nome Inválido,CPF Inválido,,chácara maria fernanda castro,marajó,PB,
Nome Inválido,CPF Inválido,,ladeira castro,jardim são josé,MA,
Nome Inválido,CPF Inválido,,"largo cavalcanti, 96",floramar,SC,
Nome Inválido,CPF Inválido,100.0,"pátio de da paz, 57",são joão,SC,1924-06-09
Nome Inválido,CPF Inválido,,"recanto de novaes, 32",serra do curral,TO,
Nome Inválido,CPF Inválido,92.0,"jardim stella da costa, 91",pompéia,BA,1932-08-01
Nome Inválido,CPF Inválido,,"residencial marina azevedo, 89",lagoinha leblon,MT,
Nome Inválido,CPF Inválido,,"praça joão rezende, 30",céu azul,RJ,
Nome Inválido,CPF Inválido,,"chácara alice ferreira, 678",vila calafate,TO,
Nome Inválido,CPF Inválido,61.0,estação de rodrigues,tres marias,PA,1964-01-05
Nome Inválido,CPF Inválido,70.0,trevo vieira,nossa senhora aparecida,AP,1954-11-08
Nome Inválido,CPF Inválido,,"sítio de novaes, 75",vila são dimas,AL,
Nome Inválido,CPF Inválido,,"área da costa, 29",dona clara,MS,
Nome Inválido,CPF Inválido,,"feira da costa, 17",vila dos anjos,SE,
Nome Inválido,CPF Inválido,,"lagoa alves, 97",buritis,MT,
Nome Inválido,CPF Inválido,,"recanto elisa da mota, 8",alípio de melo,AL,
Nome Inválido,CPF Inválido,92.0,"setor vinicius moraes, 475",nossa senhora aparecida,TO,1932-03-10
Nome Inválido,CPF Inválido,,"área oliveira, 91",são paulo,SP,
Nome Inválido,CPF Inválido,55.0,"aeroporto da rocha, 499",estrela,BA,1969-10-03
Nome Inválido,CPF Inválido,,"ladeira ribeiro, 6",vila santo antônio,PE,
Nome Inválido,CPF Inválido,81.0,"trevo da cunha, 2",são bento,AL,1943-08-09
Nome Inválido,CPF Inválido,34.0,"via de nunes, 63",olaria,ES,1990-07-05
Nome Inválido,CPF Inválido,,"travessa de lopes, 205",mariano de abreu,CE,
Nome Inválido,CPF Inválido,41.0,"via brenda cunha, 49",vila da ária,AC,1983-09-10
Nome Inválido,CPF Inválido,53.0,"praça ana luiza fernandes, 5",conjunto jatoba,BA,1971-02-02
Nome Inválido,CPF Inválido,,recanto melo,conjunto providencia,ES,
Nome Inválido,CPF Inválido,,"lago de da cunha, 6",custodinha,RN,
Nome Inválido,CPF Inválido,90.0,chácara joão gabriel nogueira,goiania,MG,1934-05-03
Nome Inválido,CPF Inválido,47.0,"trecho de rodrigues, 659",alto das antenas,PR,1977-11-03
Nome Inválido,CPF Inválido,29.0,"residencial gabriela azevedo, 35",vila rica,PI,1995-09-08
Nome Inválido,CPF Inválido,,"conjunto da conceição, 39",outro,DF,
Nome Inválido,CPF Inválido,,"campo camila das neves, 14",granja de freitas,MG,
Nome Inválido,CPF Inválido,,"residencial luiza correia, 598",savassi,ES,
Nome Inválido,CPF Inválido,,núcleo de caldeira,vila são joão batista,AL,
Nome Inválido,CPF Inválido,,"lagoa de rodrigues, 23",vila nova,RN,
Nome Inválido,CPF Inválido,,"viela eloah cunha, 42",vila suzana primeira seção,RS,
Nome Inválido,CPF Inválido,,"núcleo maria julia cunha, 21",vila santa rosa,PE,
Nome Inválido,CPF Inválido,,alameda nascimento,vila suzana primeira seção,GO,
Nome Inválido,CPF Inválido,,"travessa de da rosa, 86",itaipu,PA,
Nome Inválido,CPF Inválido,58.0,"sítio de costa, 5",pantanal,TO,1966-11-04
Nome Inválido,CPF Inválido,,campo bernardo barros,conjunto são francisco de assis,MG,
Nome Inválido,CPF Inválido,,recanto silva,joão paulo ii,SP,
Nome Inválido,CPF Inválido,,"conjunto almeida, 3",bela vitoria,AC,
Nome Inválido,CPF Inválido,,"pátio joão lucas cardoso, 77",maria tereza,AM,
Nome Inválido,CPF Inválido,90.0,"praia luiz gustavo da luz, 83",são joão batista,RO,1934-09-06
Nome Inválido,CPF Inválido,100.0,"esplanada farias, 252",caetano furquim,GO,1924-05-09
Nome Inválido,CPF Inválido,,"rodovia de costela, 116",são geraldo,CE,
Nome Inválido,CPF Inválido,,"quadra vieira, 230",cdi jatoba,RO,
Nome Inválido,CPF Inválido,44.0,"trecho de caldeira, 369",santa sofia,SE,1980-12-07
Nome Inválido,CPF Inválido,,"largo joão santos, 10",vila batik,RN,
Nome Inválido,CPF Inválido,,"setor juliana fogaça, 605",piraja,MA,
Nome Inválido,CPF Inválido,80.0,"área ana vitória martins, 56",xodo-marize,BA,1944-02-11
Nome Inválido,CPF Inválido,37.0,"área thomas moraes, 58",canaa,RJ,1987-07-04
Nome Inválido,CPF Inválido,,"chácara mendes, 64",varzea da palma,PR,
Nome Inválido,CPF Inválido,21.0,"vale de duarte, 5",horto florestal,AM,2003-11-07
Nome Inválido,CPF Inválido,,"alameda das neves, 1",planalto,MT,
Nome Inválido,CPF Inválido,74.0,"viela danilo farias, 54",lagoa,PE,1950-11-03
Nome Inválido,CPF Inválido,81.0,"favela correia, 6",vila dos anjos,SE,1943-12-08
Nome Inválido,CPF Inválido,,rodovia maria julia peixoto,jardim guanabara,AC,
Nome Inválido,CPF Inválido,,"trecho de oliveira, 41",urca,AC,
Nome Inválido,CPF Inválido,76.0,"lagoa danilo fogaça, 756",nova gameleira,RO,1948-05-05
Nome Inválido,CPF Inválido,36.0,"colônia de correia, 93",laranjeiras,CE,1988-11-09
Nome Inválido,CPF Inválido,57.0,"setor oliveira, 4",são josé,MA,1967-05-04
Nome Inválido,CPF Inválido,,morro de ferreira,vila são joão batista,MG,
Nome Inválido,CPF Inválido,91.0,"alameda eduardo barros, 60",gameleira,PI,1933-10-04
Nome Inválido,CPF Inválido,,"área joaquim nogueira, 98",pedreira padro lopes,MA,
Nome Inválido,CPF Inválido,82.0,"loteamento de nunes, 83",jatobá,PB,1942-12-11
Nome Inválido,CPF Inválido,58.0,"viela alana souza, 456",união,DF,1966-11-04
Nome Inválido,CPF Inválido,,"viela de da cruz, 61",bonsucesso,PA,
Nome Inválido,CPF Inválido,,"esplanada thomas pires, 33",providencia,AP,
Nome Inválido,CPF Inválido,,estrada da cruz,aparecida,AP,
Nome Inválido,CPF Inválido,,"residencial de cardoso, 66",vila santo antônio,SE,
Nome Inválido,CPF Inválido,95.0,"condomínio de nunes, 436",vila betânia,PI,1929-12-02
Nome Inválido,CPF Inválido,,"morro nunes, 657",ipe,CE,
Nome Inválido,CPF Inválido,70.0,"praia de campos, 82",vila oeste,SP,1954-08-06
Nome Inválido,CPF Inválido,43.0,"esplanada marcela castro, 36",flavio de oliveira,PA,1982-01-07
Nome Inválido,CPF Inválido,66.0,setor luana ramos,nova pampulha,AC,1958-09-12
Nome Inválido,CPF Inválido,90.0,"esplanada pedro nascimento, 71",vila são paulo,GO,1934-02-11
Nome Inválido,CPF Inválido,,"favela kaique fogaça, 19",castelo,AL,
Nome Inválido,CPF Inválido,,rodovia de castro,santa branca,ES,
Nome Inválido,CPF Inválido,,Endereço inválido,Desconhecido,Estado Inválido,
Nome Inválido,CPF Inválido,,"colônia costa, 81",vera cruz,RO,
Nome Inválido,CPF Inválido,68.0,"vale vieira, 49",comiteco,RS,1956-02-03
Nome Inválido,CPF Inválido,68.0,"recanto de moreira, 426",santo agostinho,MT,1956-12-12
Nome Inválido,CPF Inválido,,"sítio clarice sales, 99",silveira,PB,
Nome Inválido,CPF Inválido,,sítio azevedo,vila mantiqueira,DF,
Nome Inválido,CPF Inválido,34.0,recanto de castro,centro,MA,1990-11-03
Nome Inválido,CPF Inválido,,"estação rafael nunes, 90",jardim são josé,RO,
Nome Inválido,CPF Inválido,,"viela da rocha, 160",barão homem de melo 2ª seção,BA,
Nome Inválido,CPF Inválido,,"morro ribeiro, 11",casa branca,GO,
Nome Inválido,CPF Inválido,85.0,"sítio ramos, 73",cachoeirinha,MG,1939-08-08
Nome Inválido,CPF Inválido,,"ladeira luiza pinto, 9",conjunto minas caixa,MT,
Nome Inválido,CPF Inválido,97.0,"lagoa cavalcanti, 12",vila ecológica,SP,1927-09-01
Nome Inválido,CPF Inválido,,avenida azevedo,santa maria,MA,
Nome Inválido,CPF Inválido,,"avenida rocha, 13",alta tensão 2ª seção,PI,
Nome Inválido,CPF Inválido,51.0,"praia moreira, 1",cardoso,SE,1973-06-12
Nome Inválido,CPF Inválido,,"passarela rocha, 96",buraco quente,SP,
Nome Inválido,CPF Inválido,,"travessa guilherme carvalho, 7",jonas veiga,MS,
Nome Inválido,CPF Inválido,,"estação fernandes, 85",nova floresta,GO,
Nome Inválido,CPF Inválido,67.0,"loteamento thales pires, 51",vila união,RR,1957-02-11
Nome Inválido,CPF Inválido,40.0,"via vieira, 26",ouro preto,GO,1984-08-08
Nome Inválido,CPF Inválido,,"quadra amanda martins, 4",universo,MG,
Nome Inválido,CPF Inválido,62.0,"distrito caldeira, 95",serra,PI,1962-07-04
Nome Inválido,CPF Inválido,,"distrito de fogaça, 13",pompéia,AP,
Nome Inválido,CPF Inválido,70.0,"aeroporto de fogaça, 74",vila santa monica 2ª seção,BA,1955-01-03
Nome Inválido,CPF Inválido,,"trecho de barbosa, 7",são josé,RJ,
Nome Inválido,CPF Inválido,,"praça de costela, 38",renascença,MS,
Nome Inválido,CPF Inválido,,"praia da mata, 88",vila piratininga venda nova,RJ,1917-02-10
Nome Inválido,CPF Inválido,,"loteamento maria alice costela, 63",santa maria,ES,1897-11-10
Nome Inválido,CPF Inválido,12.0,trecho da mata,barroca,SC,2013-01-01
Nome Inválido,CPF Inválido,6.0,"largo theo silva, 91",nossa senhora da conceição,SP,2018-09-03
Nome Inválido,CPF Inválido,,"viaduto ferreira, 22",goiania,PE,
Nome Inválido,CPF Inválido,,"pátio de rocha, 4",cinquentenário,MG,
Nome Inválido,CPF Inválido,,"quadra isabel castro, 40",biquinhas,PI,
Nome Inválido,CPF Inválido,,"praça das neves, 274",são jorge 3ª seção,SC,
Nome Inválido,CPF Inválido,,"estação ana lívia farias, 3",vila santa rosa,GO,
Nome Inválido,CPF Inválido,,"aeroporto alícia vieira, 84",comiteco,TO,
Nome Inválido,CPF Inválido,,"vale oliveira, 15",gameleira,PR,
Nome Inválido,CPF Inválido,,"lago de caldeira, 4",beija flor,AC,
Nome Inválido,CPF Inválido,,"viaduto araújo, 76",são bento,PR,
Nome Inválido,CPF Inválido,,"praça maria sophia da cunha, 71",vila batik,PI,
Nome Inválido,CPF Inválido,,"setor de pires, 39",conjunto jatoba,RO,1883-04-06
Nome Inválido,CPF Inválido,16.0,"loteamento de ferreira, 24",nova suíça,PA,2008-03-03
Nome Inválido,CPF Inválido,19.0,"ladeira gomes, 10",califórnia,RJ,2006-01-09
Nome Inválido,CPF Inválido,6.0,"núcleo de da paz, 894",sion,GO,2018-09-01
Nome Inválido,CPF Inválido,,recanto de melo,nossa senhora do rosário,BA,
Nome Inválido,CPF Inválido,,"via de santos, 172",jardinópolis,AL,
Nome Inválido,CPF Inválido,,"chácara isabella melo, 9",engenho nogueira,PB,
Nome Inválido,CPF Inválido,,"condomínio souza, 65",leonina,AM,
Nome Inválido,CPF Inválido,,"lagoa moraes, 1",fazendinha,GO,
Nome Inválido,CPF Inválido,,"trevo peixoto, 13",jardim alvorada,RS,
Nome Inválido,CPF Inválido,,"passarela de alves, 45",conjunto celso machado,AL,
Nome Inválido,CPF Inválido,,trevo de porto,jardim leblon,AM,
Nome Inválido,CPF Inválido,,"quadra pinto, 896",nova gameleira,AM,
Nome Inválido,CPF Inválido,,"aeroporto de pires, 59",nossa senhora da conceição,CE,
Nome Inválido,CPF Inválido,,campo monteiro,cabana do pai tomás,AP,
Nome Inválido,CPF Inválido,,"colônia da rocha, 31",jardim américa,RN,
Nome Inválido,CPF Inválido,,"estrada nogueira, 21",atila de paiva,PB,
Nome Inválido,CPF Inválido,,rua não cadastrada,bairro não cadastrado,PR,
Nome Inválido,CPF Inválido,,rua não cadastrada,bairro não cadastrado,RS,
Nome Inválido,CPF Inválido,,rua não cadastrada,bairro não cadastrado,RJ,
Nome Inválido,CPF Inválido,53.0,rua não cadastrada,bairro não cadastrado,RS,1971-10-07
Nome Inválido,CPF Inválido,,rua não cadastrada,bairro não cadastrado,ES,
Nome Inválido,CPF Inválido,,rua não cadastrada,bairro não cadastrado,AM,
Nome Inválido,CPF Inválido,99.0,rua não cadastrada,bairro não cadastrado,MG,1925-08-08
Nome Inválido,CPF Inválido,,rua não cadastrada,bairro não cadastrado,RO,
Nome Inválido,CPF Inválido,,rua não cadastrada,bairro não cadastrado,MG,
Nome Inválido,CPF Inválido,,rua não cadastrada,bairro não cadastrado,SP,
Nome Inválido,CPF Inválido,67.0,rua não cadastrada,bairro não cadastrado,TO,1957-07-10
Nome Inválido,CPF Inválido,,rua não cadastrada,bairro não cadastrado,MG,
Nome Inválido,CPF Inválido,57.0,rua não cadastrada,bairro não cadastrado,GO,1968-01-05
Nome Inválido,CPF Inválido,88.0,rua não cadastrada,bairro não cadastrado,SP,1936-05-06
Nome Inválido,CPF Inválido,,rua não cadastrada,bairro não cadastrado,GO,
Nome Inválido,CPF Inválido,,"rodovia cardoso, 377",santa cecilia,MT,
Nome Inválido,CPF Inválido,19.0,"pátio antônio da mota, 79",maria virgínia,PR,2005-03-03
Nome Inválido,CPF Inválido,,travessa novaes,boa vista,TO,
Nome Inválido,CPF Inválido,,"fazenda maria ribeiro, 81",vila são paulo,SE,
Nome Inválido,CPF Inválido,,"quadra de da mota, 62",alto caiçaras,MG,
Nome Inválido,CPF Inválido,,"passarela de porto, 65",pousada santo antonio,PI,
Nome Inválido,CPF Inválido,,chácara miguel fogaça,laranjeiras,PE,
Nome Inválido,CPF Inválido,,"parque de santos, 88",são joão,PI,
Nome Inválido,CPF Inválido,48.0,"aeroporto da paz, 54",vila são dimas,PR,1976-04-08
Nome Inválido,CPF Inválido,,"vereda da mota, 37",vila da luz,SE,
